mtllib material.mtl
s 0
usemtl Material
v 0.787109 -0.125000 0.019531
v 0.794922 -0.138672 0.019531
v 0.787109 -0.142578 0.019531
v 0.779297 -0.128906 0.019531
v 0.779297 -0.138672 0.019531
v 0.794922 -0.128906 0.019531
v 0.787109 -0.134766 0.025391
v 0.787109 -0.125000 0.023438
v 0.779297 -0.128906 0.023438
v 0.794922 -0.128906 0.023438
v 0.794922 -0.138672 0.023438
v 0.779297 -0.138672 0.023438
v 0.787109 -0.142578 0.023438
v -0.544922 0.087891 -0.018878
v -0.537109 0.091797 -0.018878
v -0.544922 0.105469 -0.018878
v -0.552734 0.091797 -0.018878
v -0.552734 0.101562 -0.018878
v -0.537109 0.101562 -0.018878
v -0.544922 0.095703 -0.024738
v -0.544922 0.105469 -0.022785
v -0.537109 0.101562 -0.022785
v -0.552734 0.101562 -0.022785
v -0.537109 0.091797 -0.022785
v -0.552734 0.091797 -0.022785
v -0.544922 0.087891 -0.022785
v -0.949219 -0.105469 -0.002761
v -0.949219 0.074219 -0.002761
v -0.875000 0.074219 -0.002761
v -0.875000 -0.105469 -0.002761
v 0.875000 -0.105469 -0.002761
v 0.875000 0.074219 -0.002761
v 0.949219 0.074219 -0.002761
v 0.949219 -0.105469 -0.002761
v 0.949219 0.195312 -0.002761
v 0.949219 0.128906 -0.002761
v 0.875000 0.128906 -0.002761
v 0.875000 0.195312 -0.002761
v 0.919922 0.238281 -0.002761
v 0.904297 0.238281 -0.002761
v -0.875000 0.195312 -0.002761
v -0.875000 0.128906 -0.002761
v -0.949219 0.128906 -0.002761
v -0.949219 0.195312 -0.002761
v -0.904297 0.238281 -0.002761
v -0.919922 0.238281 -0.002761
v -0.904297 0.238281 0.016770
v -0.919922 0.238281 0.016770
v -0.949219 0.195312 0.016770
v -0.875000 0.195312 0.016770
v -0.875000 -0.234375 0.016770
v -0.949219 -0.234375 0.016770
v -0.878906 -0.238281 0.016770
v -0.945312 -0.238281 0.016770
v -0.875000 -0.158203 -0.002761
v -0.875000 -0.234375 -0.002761
v -0.949219 -0.234375 -0.002761
v -0.949219 -0.158203 -0.002761
v -0.945312 -0.238281 -0.002761
v -0.878906 -0.238281 -0.002761
v -0.832031 -0.234375 -0.002761
v -0.832031 -0.158203 -0.002761
v -0.757812 -0.158203 -0.002761
v -0.757812 -0.234375 -0.002761
v -0.828125 -0.238281 -0.002761
v -0.761719 -0.238281 -0.002761
v 0.875000 -0.234375 -0.002761
v 0.875000 -0.158203 -0.002761
v 0.949219 -0.158203 -0.002761
v 0.949219 -0.234375 -0.002761
v 0.878906 -0.238281 -0.002761
v 0.945312 -0.238281 -0.002761
v 0.875000 0.195312 0.016770
v 0.875000 -0.234375 0.016770
v 0.949219 -0.234375 0.016770
v 0.949219 0.195312 0.016770
v 0.919922 0.238281 0.016770
v 0.904297 0.238281 0.016770
v 0.945312 -0.238281 0.016770
v 0.878906 -0.238281 0.016770
v 0.832031 -0.234375 0.016770
v 0.832031 0.195312 0.016770
v 0.757812 0.195312 0.016770
v 0.757812 -0.234375 0.016770
v 0.828125 -0.238281 0.016770
v 0.761719 -0.238281 0.016770
v 0.800781 0.238281 0.016770
v 0.787109 0.238281 0.016770
v 0.832031 -0.158203 -0.002761
v 0.832031 -0.234375 -0.002761
v 0.757812 -0.234375 -0.002761
v 0.757812 -0.158203 -0.002761
v 0.761719 -0.238281 -0.002761
v 0.828125 -0.238281 -0.002761
v 0.697266 -0.158203 -0.002761
v 0.697266 -0.234375 -0.002761
v 0.625000 -0.234375 -0.002761
v 0.625000 -0.158203 -0.002761
v 0.628906 -0.238281 -0.002761
v 0.693359 -0.238281 -0.002761
v 0.693359 -0.238281 0.016770
v 0.697266 -0.234375 0.016770
v 0.625000 -0.234375 0.016770
v 0.628906 -0.238281 0.016770
v 0.625000 0.195312 0.016770
v 0.697266 0.195312 0.016770
v 0.667969 0.238281 0.016770
v 0.654297 0.238281 0.016770
v 0.578125 -0.158203 -0.002761
v 0.578125 -0.234375 -0.002761
v 0.503906 -0.234375 -0.002761
v 0.503906 -0.158203 -0.002761
v 0.507812 -0.238281 -0.002761
v 0.574219 -0.238281 -0.002761
v 0.574219 -0.238281 0.016770
v 0.578125 -0.234375 0.016770
v 0.503906 -0.234375 0.016770
v 0.507812 -0.238281 0.016770
v 0.503906 0.195312 0.016770
v 0.578125 0.195312 0.016770
v 0.548828 0.238281 0.016770
v 0.533203 0.238281 0.016770
v 0.458984 -0.158203 -0.002761
v 0.458984 -0.234375 -0.002761
v 0.384766 -0.234375 -0.002761
v 0.384766 -0.158203 -0.002761
v 0.388672 -0.238281 -0.002761
v 0.455078 -0.238281 -0.002761
v 0.455078 -0.238281 0.016770
v 0.458984 -0.234375 0.016770
v 0.384766 -0.234375 0.016770
v 0.388672 -0.238281 0.016770
v 0.384766 0.195312 0.016770
v 0.458984 0.195312 0.016770
v 0.429688 0.238281 0.016770
v 0.414062 0.238281 0.016770
v 0.328125 -0.158203 -0.002761
v 0.328125 -0.234375 -0.002761
v 0.253906 -0.234375 -0.002761
v 0.253906 -0.158203 -0.002761
v 0.257812 -0.238281 -0.002761
v 0.324219 -0.238281 -0.002761
v 0.324219 -0.238281 0.016770
v 0.328125 -0.234375 0.016770
v 0.253906 -0.234375 0.016770
v 0.257812 -0.238281 0.016770
v 0.253906 0.195312 0.016770
v 0.328125 0.195312 0.016770
v 0.296875 0.238281 0.016770
v 0.283203 0.238281 0.016770
v 0.218750 -0.158203 -0.002761
v 0.218750 -0.234375 -0.002761
v 0.144531 -0.234375 -0.002761
v 0.144531 -0.158203 -0.002761
v 0.148438 -0.238281 -0.002761
v 0.214844 -0.238281 -0.002761
v 0.214844 -0.238281 0.016770
v 0.218750 -0.234375 0.016770
v 0.144531 -0.234375 0.016770
v 0.148438 -0.238281 0.016770
v 0.144531 0.195312 0.016770
v 0.218750 0.195312 0.016770
v 0.189453 0.238281 0.016770
v 0.173828 0.238281 0.016770
v 0.103516 -0.158203 -0.002761
v 0.103516 -0.234375 -0.002761
v 0.031250 -0.234375 -0.002761
v 0.031250 -0.158203 -0.002761
v 0.035156 -0.238281 -0.002761
v 0.099609 -0.238281 -0.002761
v 0.099609 -0.238281 0.016770
v 0.103516 -0.234375 0.016770
v 0.031250 -0.234375 0.016770
v 0.035156 -0.238281 0.016770
v 0.031250 0.195312 0.016770
v 0.103516 0.195312 0.016770
v 0.074219 0.238281 0.016770
v 0.058594 0.238281 0.016770
v -0.031250 -0.158203 -0.002761
v -0.031250 -0.234375 -0.002761
v -0.103516 -0.234375 -0.002761
v -0.103516 -0.158203 -0.002761
v -0.099609 -0.238281 -0.002761
v -0.035156 -0.238281 -0.002761
v -0.035156 -0.238281 0.016770
v -0.031250 -0.234375 0.016770
v -0.103516 -0.234375 0.016770
v -0.099609 -0.238281 0.016770
v -0.103516 0.195312 0.016770
v -0.031250 0.195312 0.016770
v -0.060547 0.238281 0.016770
v -0.074219 0.238281 0.016770
v -0.148438 -0.158203 -0.002761
v -0.148438 -0.234375 -0.002761
v -0.222656 -0.234375 -0.002761
v -0.222656 -0.158203 -0.002761
v -0.218750 -0.238281 -0.002761
v -0.152344 -0.238281 -0.002761
v -0.152344 -0.238281 0.016770
v -0.148438 -0.234375 0.016770
v -0.222656 -0.234375 0.016770
v -0.218750 -0.238281 0.016770
v -0.222656 0.195312 0.016770
v -0.148438 0.195312 0.016770
v -0.179688 0.238281 0.016770
v -0.193359 0.238281 0.016770
v -0.259766 -0.158203 -0.002761
v -0.259766 -0.234375 -0.002761
v -0.332031 -0.234375 -0.002761
v -0.332031 -0.158203 -0.002761
v -0.328125 -0.238281 -0.002761
v -0.263672 -0.238281 -0.002761
v -0.263672 -0.238281 0.016770
v -0.259766 -0.234375 0.016770
v -0.332031 -0.234375 0.016770
v -0.328125 -0.238281 0.016770
v -0.332031 0.195312 0.016770
v -0.259766 0.195312 0.016770
v -0.289062 0.238281 0.016770
v -0.302734 0.238281 0.016770
v -0.388672 -0.158203 -0.002761
v -0.388672 -0.234375 -0.002761
v -0.460938 -0.234375 -0.002761
v -0.460938 -0.158203 -0.002761
v -0.457031 -0.238281 -0.002761
v -0.390625 -0.238281 -0.002761
v -0.390625 -0.238281 0.016770
v -0.388672 -0.234375 0.016770
v -0.460938 -0.234375 0.016770
v -0.457031 -0.238281 0.016770
v -0.460938 0.195312 0.016770
v -0.388672 0.195312 0.016770
v -0.417969 0.238281 0.016770
v -0.431641 0.238281 0.016770
v -0.505859 -0.158203 -0.002761
v -0.505859 -0.234375 -0.002761
v -0.580078 -0.234375 -0.002761
v -0.580078 -0.158203 -0.002761
v -0.576172 -0.238281 -0.002761
v -0.509766 -0.238281 -0.002761
v -0.509766 -0.238281 0.016770
v -0.505859 -0.234375 0.016770
v -0.580078 -0.234375 0.016770
v -0.576172 -0.238281 0.016770
v -0.580078 0.195312 0.016770
v -0.505859 0.195312 0.016770
v -0.535156 0.238281 0.016770
v -0.548828 0.238281 0.016770
v -0.626953 -0.158203 -0.002761
v -0.626953 -0.234375 -0.002761
v -0.699219 -0.234375 -0.002761
v -0.699219 -0.158203 -0.002761
v -0.695312 -0.238281 -0.002761
v -0.630859 -0.238281 -0.002761
v -0.630859 -0.238281 0.016770
v -0.626953 -0.234375 0.016770
v -0.699219 -0.234375 0.016770
v -0.695312 -0.238281 0.016770
v -0.699219 0.195312 0.016770
v -0.626953 0.195312 0.016770
v -0.656250 0.238281 0.016770
v -0.669922 0.238281 0.016770
v -0.761719 -0.238281 0.016770
v -0.757812 -0.234375 0.016770
v -0.832031 -0.234375 0.016770
v -0.828125 -0.238281 0.016770
v -0.832031 0.195312 0.016770
v -0.757812 0.195312 0.016770
v -0.787109 0.238281 0.016770
v -0.800781 0.238281 0.016770
v -0.832031 0.195312 -0.002761
v -0.800781 0.238281 -0.002761
v -0.787109 0.238281 -0.002761
v -0.757812 0.195312 -0.002761
v -0.832031 0.128906 -0.002761
v -0.757812 0.128906 -0.002761
v -0.757812 0.074219 -0.002761
v -0.757812 -0.105469 -0.002761
v -0.832031 -0.105469 -0.002761
v -0.832031 0.074219 -0.002761
v -0.699219 -0.105469 -0.002761
v -0.699219 0.074219 -0.002761
v -0.626953 0.074219 -0.002761
v -0.626953 -0.105469 -0.002761
v -0.699219 0.195312 -0.002761
v -0.669922 0.238281 -0.002761
v -0.656250 0.238281 -0.002761
v -0.626953 0.195312 -0.002761
v -0.699219 0.128906 -0.002761
v -0.626953 0.128906 -0.002761
v -0.580078 -0.105469 -0.002761
v -0.580078 0.074219 -0.002761
v -0.505859 0.074219 -0.002761
v -0.505859 -0.105469 -0.002761
v -0.580078 0.195312 -0.002761
v -0.548828 0.238281 -0.002761
v -0.535156 0.238281 -0.002761
v -0.505859 0.195312 -0.002761
v -0.580078 0.128906 -0.002761
v -0.505859 0.128906 -0.002761
v -0.460938 -0.105469 -0.002761
v -0.460938 0.074219 -0.002761
v -0.388672 0.074219 -0.002761
v -0.388672 -0.105469 -0.002761
v -0.460938 0.195312 -0.002761
v -0.431641 0.238281 -0.002761
v -0.417969 0.238281 -0.002761
v -0.388672 0.195312 -0.002761
v -0.460938 0.128906 -0.002761
v -0.388672 0.128906 -0.002761
v -0.332031 -0.105469 -0.002761
v -0.332031 0.074219 -0.002761
v -0.259766 0.074219 -0.002761
v -0.259766 -0.105469 -0.002761
v -0.332031 0.195312 -0.002761
v -0.302734 0.238281 -0.002761
v -0.289062 0.238281 -0.002761
v -0.259766 0.195312 -0.002761
v -0.332031 0.128906 -0.002761
v -0.259766 0.128906 -0.002761
v -0.222656 -0.105469 -0.002761
v -0.222656 0.074219 -0.002761
v -0.148438 0.074219 -0.002761
v -0.148438 -0.105469 -0.002761
v -0.222656 0.195312 -0.002761
v -0.193359 0.238281 -0.002761
v -0.179688 0.238281 -0.002761
v -0.148438 0.195312 -0.002761
v -0.222656 0.128906 -0.002761
v -0.148438 0.128906 -0.002761
v -0.103516 -0.105469 -0.002761
v -0.103516 0.074219 -0.002761
v -0.031250 0.074219 -0.002761
v -0.031250 -0.105469 -0.002761
v -0.103516 0.195312 -0.002761
v -0.074219 0.238281 -0.002761
v -0.060547 0.238281 -0.002761
v -0.031250 0.195312 -0.002761
v -0.103516 0.128906 -0.002761
v -0.031250 0.128906 -0.002761
v 0.031250 -0.105469 -0.002761
v 0.031250 0.074219 -0.002761
v 0.103516 0.074219 -0.002761
v 0.103516 -0.105469 -0.002761
v 0.031250 0.195312 -0.002761
v 0.058594 0.238281 -0.002761
v 0.074219 0.238281 -0.002761
v 0.103516 0.195312 -0.002761
v 0.031250 0.128906 -0.002761
v 0.103516 0.128906 -0.002761
v 0.144531 -0.105469 -0.002761
v 0.144531 0.074219 -0.002761
v 0.218750 0.074219 -0.002761
v 0.218750 -0.105469 -0.002761
v 0.144531 0.195312 -0.002761
v 0.173828 0.238281 -0.002761
v 0.189453 0.238281 -0.002761
v 0.218750 0.195312 -0.002761
v 0.144531 0.128906 -0.002761
v 0.218750 0.128906 -0.002761
v 0.253906 -0.105469 -0.002761
v 0.253906 0.074219 -0.002761
v 0.328125 0.074219 -0.002761
v 0.328125 -0.105469 -0.002761
v 0.253906 0.195312 -0.002761
v 0.283203 0.238281 -0.002761
v 0.296875 0.238281 -0.002761
v 0.328125 0.195312 -0.002761
v 0.253906 0.128906 -0.002761
v 0.328125 0.128906 -0.002761
v 0.384766 -0.105469 -0.002761
v 0.384766 0.074219 -0.002761
v 0.458984 0.074219 -0.002761
v 0.458984 -0.105469 -0.002761
v 0.384766 0.195312 -0.002761
v 0.414062 0.238281 -0.002761
v 0.429688 0.238281 -0.002761
v 0.458984 0.195312 -0.002761
v 0.384766 0.128906 -0.002761
v 0.458984 0.128906 -0.002761
v 0.503906 -0.105469 -0.002761
v 0.503906 0.074219 -0.002761
v 0.578125 0.074219 -0.002761
v 0.578125 -0.105469 -0.002761
v 0.503906 0.195312 -0.002761
v 0.533203 0.238281 -0.002761
v 0.548828 0.238281 -0.002761
v 0.578125 0.195312 -0.002761
v 0.503906 0.128906 -0.002761
v 0.578125 0.128906 -0.002761
v 0.625000 -0.105469 -0.002761
v 0.625000 0.074219 -0.002761
v 0.697266 0.074219 -0.002761
v 0.697266 -0.105469 -0.002761
v 0.625000 0.195312 -0.002761
v 0.654297 0.238281 -0.002761
v 0.667969 0.238281 -0.002761
v 0.697266 0.195312 -0.002761
v 0.625000 0.128906 -0.002761
v 0.697266 0.128906 -0.002761
v 0.757812 -0.105469 -0.002761
v 0.757812 0.074219 -0.002761
v 0.832031 0.074219 -0.002761
v 0.832031 -0.105469 -0.002761
v 0.757812 0.128906 -0.002761
v 0.757812 0.195312 -0.002761
v 0.832031 0.195312 -0.002761
v 0.832031 0.128906 -0.002761
v 0.800781 0.238281 -0.002761
v 0.787109 0.238281 -0.002761
v -0.197266 0.101562 -0.020339
v -0.259766 0.126953 -0.020339
v -0.187500 0.105469 -0.020339
v -0.421875 0.101562 -0.020339
v -0.429688 0.105469 -0.020339
v -0.388672 0.126953 -0.020339
v -0.505859 0.126953 -0.020339
v -0.437500 0.101562 -0.020339
v -0.662109 0.101562 -0.020339
v -0.669922 0.105469 -0.020339
v -0.626953 0.126953 -0.020339
v -0.757812 0.126953 -0.020339
v -0.677734 0.101562 -0.020339
v -0.906250 0.101562 -0.020339
v -0.914062 0.105469 -0.020339
v -0.875000 0.126953 -0.020339
v -0.949219 0.126953 -0.020339
v -0.921875 0.101562 -0.020339
v -0.949219 0.076172 -0.020339
v -0.921875 0.091797 -0.020339
v -0.914062 0.087891 -0.020339
v -0.875000 0.076172 -0.020339
v -0.906250 0.091797 -0.020339
v -0.757812 0.076172 -0.020339
v -0.677734 0.091797 -0.020339
v -0.669922 0.087891 -0.020339
v -0.626953 0.076172 -0.020339
v -0.662109 0.091797 -0.020339
v -0.505859 0.076172 -0.020339
v -0.437500 0.091797 -0.020339
v -0.429688 0.087891 -0.020339
v -0.388672 0.076172 -0.020339
v -0.421875 0.091797 -0.020339
v -0.259766 0.076172 -0.020339
v -0.197266 0.091797 -0.020339
v -0.187500 0.087891 -0.020339
v -0.148438 0.076172 -0.020339
v -0.179688 0.091797 -0.020339
v -0.179688 0.101562 -0.020339
v -0.148438 0.126953 -0.020339
v -0.031250 0.126953 -0.020339
v -0.031250 0.076172 -0.020339
v 0.052734 0.101562 -0.020339
v 0.052734 0.091797 -0.020339
v 0.060547 0.087891 -0.020339
v 0.103516 0.076172 -0.020339
v 0.068359 0.091797 -0.020339
v 0.068359 0.101562 -0.020339
v 0.103516 0.126953 -0.020339
v 0.218750 0.126953 -0.020339
v 0.218750 0.076172 -0.020339
v 0.281250 0.101562 -0.020339
v 0.281250 0.091797 -0.020339
v 0.289062 0.087891 -0.020339
v 0.328125 0.076172 -0.020339
v 0.296875 0.091797 -0.020339
v 0.296875 0.101562 -0.020339
v 0.328125 0.126953 -0.020339
v 0.458984 0.126953 -0.020339
v 0.458984 0.076172 -0.020339
v 0.527344 0.101562 -0.020339
v 0.527344 0.091797 -0.020339
v 0.535156 0.087891 -0.020339
v 0.578125 0.076172 -0.020339
v 0.542969 0.091797 -0.020339
v 0.542969 0.101562 -0.020339
v 0.578125 0.126953 -0.020339
v 0.697266 0.126953 -0.020339
v 0.697266 0.076172 -0.020339
v 0.779297 0.101562 -0.020339
v 0.779297 0.091797 -0.020339
v 0.787109 0.087891 -0.020339
v 0.832031 0.076172 -0.020339
v 0.794922 0.091797 -0.020339
v 0.794922 0.101562 -0.020339
v 0.832031 0.126953 -0.020339
v 0.875000 0.126953 -0.020339
v 0.875000 0.076172 -0.020339
v 0.906250 0.101562 -0.020339
v 0.906250 0.091797 -0.020339
v 0.914062 0.087891 -0.020339
v 0.949219 0.076172 -0.020339
v 0.921875 0.091797 -0.020339
v 0.921875 0.101562 -0.020339
v 0.949219 0.126953 -0.020339
v 0.914062 0.105469 -0.020339
v 0.787109 0.105469 -0.020339
v 0.535156 0.105469 -0.020339
v 0.289062 0.105469 -0.020339
v 0.060547 0.105469 -0.020339
v -0.179688 -0.128906 -0.020339
v -0.187500 -0.125000 -0.020339
v -0.148438 -0.107422 -0.020339
v -0.259766 -0.107422 -0.020339
v -0.197266 -0.128906 -0.020339
v -0.421875 -0.128906 -0.020339
v -0.429688 -0.125000 -0.020339
v -0.388672 -0.107422 -0.020339
v -0.505859 -0.107422 -0.020339
v -0.437500 -0.128906 -0.020339
v -0.662109 -0.128906 -0.020339
v -0.669922 -0.125000 -0.020339
v -0.626953 -0.107422 -0.020339
v -0.757812 -0.107422 -0.020339
v -0.677734 -0.128906 -0.020339
v -0.921875 -0.128906 -0.020339
v -0.949219 -0.107422 -0.020339
v -0.914062 -0.125000 -0.020339
v -0.875000 -0.107422 -0.020339
v -0.906250 -0.128906 -0.020339
v -0.875000 -0.156250 -0.020339
v -0.906250 -0.138672 -0.020339
v -0.914062 -0.142578 -0.020339
v -0.949219 -0.156250 -0.020339
v -0.921875 -0.138672 -0.020339
v -0.757812 -0.156250 -0.020339
v -0.677734 -0.138672 -0.020339
v -0.669922 -0.142578 -0.020339
v -0.626953 -0.156250 -0.020339
v -0.662109 -0.138672 -0.020339
v -0.505859 -0.156250 -0.020339
v -0.437500 -0.138672 -0.020339
v -0.429688 -0.142578 -0.020339
v -0.388672 -0.156250 -0.020339
v -0.421875 -0.138672 -0.020339
v -0.259766 -0.156250 -0.020339
v -0.197266 -0.138672 -0.020339
v -0.187500 -0.142578 -0.020339
v -0.148438 -0.156250 -0.020339
v -0.179688 -0.138672 -0.020339
v -0.031250 -0.107422 -0.020339
v -0.031250 -0.156250 -0.020339
v 0.052734 -0.128906 -0.020339
v 0.052734 -0.138672 -0.020339
v 0.060547 -0.142578 -0.020339
v 0.103516 -0.156250 -0.020339
v 0.068359 -0.138672 -0.020339
v 0.068359 -0.128906 -0.020339
v 0.103516 -0.107422 -0.020339
v 0.218750 -0.107422 -0.020339
v 0.218750 -0.156250 -0.020339
v 0.281250 -0.128906 -0.020339
v 0.281250 -0.138672 -0.020339
v 0.289062 -0.142578 -0.020339
v 0.328125 -0.156250 -0.020339
v 0.296875 -0.138672 -0.020339
v 0.296875 -0.128906 -0.020339
v 0.328125 -0.107422 -0.020339
v 0.458984 -0.107422 -0.020339
v 0.458984 -0.156250 -0.020339
v 0.527344 -0.128906 -0.020339
v 0.527344 -0.138672 -0.020339
v 0.535156 -0.142578 -0.020339
v 0.578125 -0.156250 -0.020339
v 0.542969 -0.138672 -0.020339
v 0.542969 -0.128906 -0.020339
v 0.578125 -0.107422 -0.020339
v 0.697266 -0.107422 -0.020339
v 0.697266 -0.156250 -0.020339
v 0.779297 -0.128906 -0.020339
v 0.779297 -0.138672 -0.020339
v 0.787109 -0.142578 -0.020339
v 0.832031 -0.156250 -0.020339
v 0.794922 -0.138672 -0.020339
v 0.794922 -0.128906 -0.020339
v 0.832031 -0.107422 -0.020339
v 0.875000 -0.107422 -0.020339
v 0.875000 -0.156250 -0.020339
v 0.906250 -0.128906 -0.020339
v 0.906250 -0.138672 -0.020339
v 0.914062 -0.142578 -0.020339
v 0.949219 -0.156250 -0.020339
v 0.921875 -0.138672 -0.020339
v 0.921875 -0.128906 -0.020339
v 0.949219 -0.107422 -0.020339
v 0.914062 -0.125000 -0.020339
v 0.787109 -0.125000 -0.020339
v 0.535156 -0.125000 -0.020339
v 0.289062 -0.125000 -0.020339
v 0.060547 -0.125000 -0.020339
v 0.328125 0.074219 -0.016433
v 0.458984 0.074219 -0.016433
v 0.578125 0.074219 -0.016433
v 0.697266 0.074219 -0.016433
v 0.832031 0.074219 -0.016433
v 0.875000 0.074219 -0.016433
v 0.949219 0.074219 -0.016433
v -0.626953 0.074219 -0.016433
v -0.505859 0.074219 -0.016433
v -0.757812 0.074219 -0.016433
v -0.875000 0.074219 -0.016433
v -0.949219 0.074219 -0.016433
v -0.388672 0.074219 -0.016433
v -0.259766 0.074219 -0.016433
v -0.148438 0.074219 -0.016433
v -0.031250 0.074219 -0.016433
v 0.103516 0.074219 -0.016433
v 0.218750 0.074219 -0.016433
v 0.875000 0.076172 0.001145
v 0.832031 0.076172 0.001145
v 0.458984 -0.105469 -0.016433
v 0.328125 -0.105469 -0.016433
v 0.578125 -0.105469 -0.016433
v 0.697266 -0.105469 -0.016433
v 0.832031 -0.105469 -0.016433
v 0.875000 -0.105469 -0.016433
v 0.949219 -0.105469 -0.016433
v -0.949219 -0.105469 -0.016433
v -0.875000 -0.105469 -0.016433
v -0.757812 -0.105469 -0.016433
v -0.626953 -0.105469 -0.016433
v -0.505859 -0.105469 -0.016433
v -0.388672 -0.105469 -0.016433
v -0.259766 -0.105469 -0.016433
v -0.148438 -0.105469 -0.016433
v -0.031250 -0.105469 -0.016433
v 0.103516 -0.105469 -0.016433
v 0.218750 -0.105469 -0.016433
v 0.832031 -0.107422 0.001145
v 0.875000 -0.107422 0.001145
v 0.328125 -0.158203 -0.016433
v 0.458984 -0.158203 -0.016433
v 0.578125 -0.158203 -0.016433
v 0.697266 -0.158203 -0.016433
v 0.832031 -0.158203 -0.016433
v 0.875000 -0.158203 -0.016433
v 0.949219 -0.158203 -0.016433
v -0.949219 -0.158203 -0.016433
v -0.875000 -0.158203 -0.016433
v -0.757812 -0.158203 -0.016433
v -0.626953 -0.158203 -0.016433
v -0.505859 -0.158203 -0.016433
v -0.388672 -0.158203 -0.016433
v -0.259766 -0.158203 -0.016433
v -0.148438 -0.158203 -0.016433
v -0.031250 -0.158203 -0.016433
v 0.103516 -0.158203 -0.016433
v 0.218750 -0.158203 -0.016433
v 0.875000 -0.156250 0.001145
v 0.832031 -0.156250 0.001145
v -0.259766 0.128906 -0.016433
v -0.388672 0.128906 -0.016433
v -0.505859 0.128906 -0.016433
v -0.626953 0.128906 -0.016433
v -0.757812 0.128906 -0.016433
v -0.875000 0.128906 -0.016433
v -0.949219 0.128906 -0.016433
v 0.949219 0.128906 -0.016433
v 0.875000 0.128906 -0.016433
v 0.832031 0.128906 -0.016433
v 0.697266 0.128906 -0.016433
v 0.578125 0.128906 -0.016433
v 0.458984 0.128906 -0.016433
v 0.328125 0.128906 -0.016433
v 0.218750 0.128906 -0.016433
v 0.103516 0.128906 -0.016433
v -0.031250 0.128906 -0.016433
v -0.148438 0.128906 -0.016433
v 0.832031 0.126953 0.001145
v 0.875000 0.126953 0.001145
v -0.949219 -0.107422 0.001145
v -0.949219 0.076172 0.001145
v -0.949219 0.126953 0.001145
v -0.949219 -0.156250 0.001145
v 0.949219 0.076172 0.001145
v 0.949219 -0.107422 0.001145
v 0.949219 0.126953 0.001145
v 0.949219 -0.156250 0.001145
v -0.875000 0.076172 0.001145
v -0.875000 -0.107422 0.001145
v -0.875000 0.126953 0.001145
v -0.875000 -0.156250 0.001145
v -0.832031 0.076172 0.001145
v -0.832031 -0.107422 0.001145
v -0.832031 0.126953 0.001145
v -0.832031 -0.156250 0.001145
v 0.757812 -0.107422 0.001145
v 0.757812 0.076172 0.001145
v 0.757812 0.126953 0.001145
v 0.757812 -0.156250 0.001145
v 0.697266 0.076172 0.001145
v 0.697266 -0.107422 0.001145
v 0.697266 -0.156250 0.001145
v 0.697266 0.126953 0.001145
v 0.625000 -0.107422 0.001145
v 0.625000 0.076172 0.001145
v 0.625000 0.126953 0.001145
v 0.625000 -0.156250 0.001145
v 0.578125 0.076172 0.001145
v 0.578125 -0.107422 0.001145
v 0.578125 -0.156250 0.001145
v 0.578125 0.126953 0.001145
v 0.503906 -0.107422 0.001145
v 0.503906 0.076172 0.001145
v 0.503906 0.126953 0.001145
v 0.503906 -0.156250 0.001145
v 0.458984 0.076172 0.001145
v 0.458984 -0.107422 0.001145
v 0.458984 -0.156250 0.001145
v 0.458984 0.126953 0.001145
v 0.384766 -0.107422 0.001145
v 0.384766 0.076172 0.001145
v 0.384766 0.126953 0.001145
v 0.384766 -0.156250 0.001145
v 0.328125 -0.107422 0.001145
v 0.328125 0.076172 0.001145
v 0.328125 0.126953 0.001145
v 0.328125 -0.156250 0.001145
v 0.253906 -0.107422 0.001145
v 0.253906 0.076172 0.001145
v 0.253906 0.126953 0.001145
v 0.253906 -0.156250 0.001145
v 0.218750 0.076172 0.001145
v 0.218750 -0.107422 0.001145
v 0.218750 -0.156250 0.001145
v 0.218750 0.126953 0.001145
v 0.144531 -0.107422 0.001145
v 0.144531 0.076172 0.001145
v 0.144531 0.126953 0.001145
v 0.144531 -0.156250 0.001145
v 0.103516 0.076172 0.001145
v 0.103516 -0.107422 0.001145
v 0.103516 -0.156250 0.001145
v 0.103516 0.126953 0.001145
v 0.031250 -0.107422 0.001145
v 0.031250 0.076172 0.001145
v 0.031250 0.126953 0.001145
v 0.031250 -0.156250 0.001145
v -0.031250 0.076172 0.001145
v -0.031250 -0.107422 0.001145
v -0.031250 -0.156250 0.001145
v -0.031250 0.126953 0.001145
v -0.103516 -0.107422 0.001145
v -0.103516 0.076172 0.001145
v -0.103516 0.126953 0.001145
v -0.103516 -0.156250 0.001145
v -0.148438 -0.107422 0.001145
v -0.148438 0.076172 0.001145
v -0.148438 0.126953 0.001145
v -0.148438 -0.156250 0.001145
v -0.222656 -0.107422 0.001145
v -0.222656 0.076172 0.001145
v -0.222656 0.126953 0.001145
v -0.222656 -0.156250 0.001145
v -0.259766 0.076172 0.001145
v -0.259766 -0.107422 0.001145
v -0.259766 -0.156250 0.001145
v -0.259766 0.126953 0.001145
v -0.332031 -0.107422 0.001145
v -0.332031 0.076172 0.001145
v -0.332031 0.126953 0.001145
v -0.332031 -0.156250 0.001145
v -0.388672 0.076172 0.001145
v -0.388672 -0.107422 0.001145
v -0.388672 -0.156250 0.001145
v -0.388672 0.126953 0.001145
v -0.460938 -0.107422 0.001145
v -0.460938 0.076172 0.001145
v -0.460938 0.126953 0.001145
v -0.460938 -0.156250 0.001145
v -0.505859 0.076172 0.001145
v -0.505859 -0.107422 0.001145
v -0.505859 -0.156250 0.001145
v -0.505859 0.126953 0.001145
v -0.580078 0.076172 0.001145
v -0.580078 -0.107422 0.001145
v -0.580078 0.126953 0.001145
v -0.580078 -0.156250 0.001145
v -0.626953 0.076172 0.001145
v -0.626953 -0.107422 0.001145
v -0.626953 -0.156250 0.001145
v -0.626953 0.126953 0.001145
v -0.699219 -0.107422 0.001145
v -0.699219 0.076172 0.001145
v -0.699219 0.126953 0.001145
v -0.699219 -0.156250 0.001145
v -0.757812 0.076172 0.001145
v -0.757812 -0.107422 0.001145
v -0.757812 -0.156250 0.001145
v -0.757812 0.126953 0.001145
v -0.187500 0.105469 -0.024246
v -0.197266 0.101562 -0.024246
v -0.179688 0.101562 -0.024246
v -0.187500 0.095703 -0.026199
v -0.197266 0.091797 -0.024246
v -0.179688 0.091797 -0.024246
v -0.187500 0.087891 -0.024246
v -0.197266 -0.138672 -0.024246
v -0.187500 -0.142578 -0.024246
v -0.179688 -0.138672 -0.024246
v -0.187500 -0.125000 -0.024246
v -0.197266 -0.128906 -0.024246
v -0.179688 -0.128906 -0.024246
v -0.187500 -0.134766 -0.026199
v 0.779297 -0.128906 -0.024246
v 0.787109 -0.125000 -0.024246
v 0.787109 -0.134766 -0.026199
v 0.794922 -0.128906 -0.024246
v 0.794922 -0.138672 -0.024246
v 0.779297 -0.138672 -0.024246
v 0.787109 -0.142578 -0.024246
v 0.535156 -0.134766 -0.026199
v 0.535156 -0.125000 -0.024246
v 0.542969 -0.128906 -0.024246
v 0.527344 -0.128906 -0.024246
v 0.542969 -0.138672 -0.024246
v 0.527344 -0.138672 -0.024246
v 0.535156 -0.142578 -0.024246
v 0.289062 -0.134766 -0.026199
v 0.289062 -0.125000 -0.024246
v 0.296875 -0.128906 -0.024246
v 0.281250 -0.128906 -0.024246
v 0.296875 -0.138672 -0.024246
v 0.281250 -0.138672 -0.024246
v 0.289062 -0.142578 -0.024246
v -0.429688 -0.134766 -0.026199
v -0.429688 -0.125000 -0.024246
v -0.421875 -0.128906 -0.024246
v -0.437500 -0.128906 -0.024246
v -0.421875 -0.138672 -0.024246
v -0.437500 -0.138672 -0.024246
v -0.429688 -0.142578 -0.024246
v 0.052734 -0.128906 -0.024246
v 0.060547 -0.125000 -0.024246
v 0.060547 -0.134766 -0.026199
v 0.068359 -0.128906 -0.024246
v 0.052734 -0.138672 -0.024246
v 0.068359 -0.138672 -0.024246
v 0.060547 -0.142578 -0.024246
v -0.914062 -0.134766 -0.026199
v -0.914062 -0.125000 -0.024246
v -0.906250 -0.128906 -0.024246
v -0.921875 -0.128906 -0.024246
v -0.921875 -0.138672 -0.024246
v -0.906250 -0.138672 -0.024246
v -0.914062 -0.142578 -0.024246
v -0.677734 -0.128906 -0.024246
v -0.669922 -0.125000 -0.024246
v -0.669922 -0.134766 -0.026199
v -0.662109 -0.128906 -0.024246
v -0.662109 -0.138672 -0.024246
v -0.677734 -0.138672 -0.024246
v -0.669922 -0.142578 -0.024246
v 0.906250 -0.128906 -0.024246
v 0.914062 -0.125000 -0.024246
v 0.914062 -0.134766 -0.026199
v 0.921875 -0.128906 -0.024246
v 0.921875 -0.138672 -0.024246
v 0.906250 -0.138672 -0.024246
v 0.914062 -0.142578 -0.024246
v -0.429688 0.095703 -0.026199
v -0.429688 0.105469 -0.024246
v -0.421875 0.101562 -0.024246
v -0.437500 0.101562 -0.024246
v -0.421875 0.091797 -0.024246
v -0.437500 0.091797 -0.024246
v -0.429688 0.087891 -0.024246
v 0.787109 0.095703 -0.026199
v 0.787109 0.105469 -0.024246
v 0.794922 0.101562 -0.024246
v 0.779297 0.101562 -0.024246
v 0.794922 0.091797 -0.024246
v 0.779297 0.091797 -0.024246
v 0.787109 0.087891 -0.024246
v 0.535156 0.095703 -0.026199
v 0.535156 0.105469 -0.024246
v 0.542969 0.101562 -0.024246
v 0.527344 0.101562 -0.024246
v 0.542969 0.091797 -0.024246
v 0.527344 0.091797 -0.024246
v 0.535156 0.087891 -0.024246
v 0.289062 0.095703 -0.026199
v 0.289062 0.105469 -0.024246
v 0.296875 0.101562 -0.024246
v 0.281250 0.101562 -0.024246
v 0.296875 0.091797 -0.024246
v 0.281250 0.091797 -0.024246
v 0.289062 0.087891 -0.024246
v 0.052734 0.101562 -0.024246
v 0.060547 0.105469 -0.024246
v 0.060547 0.095703 -0.026199
v 0.068359 0.101562 -0.024246
v 0.052734 0.091797 -0.024246
v 0.068359 0.091797 -0.024246
v 0.060547 0.087891 -0.024246
v -0.914062 0.095703 -0.026199
v -0.914062 0.105469 -0.024246
v -0.906250 0.101562 -0.024246
v -0.921875 0.101562 -0.024246
v -0.921875 0.091797 -0.024246
v -0.906250 0.091797 -0.024246
v -0.914062 0.087891 -0.024246
v 0.906250 0.101562 -0.024246
v 0.914062 0.105469 -0.024246
v 0.914062 0.095703 -0.026199
v 0.921875 0.101562 -0.024246
v 0.921875 0.091797 -0.024246
v 0.906250 0.091797 -0.024246
v 0.914062 0.087891 -0.024246
v -0.677734 0.101562 -0.024246
v -0.669922 0.105469 -0.024246
v -0.669922 0.095703 -0.026199
v -0.662109 0.101562 -0.024246
v -0.662109 0.091797 -0.024246
v -0.677734 0.091797 -0.024246
v -0.669922 0.087891 -0.024246
v -0.187500 -0.142578 0.019531
v -0.197266 -0.138672 0.019531
v -0.197266 -0.128906 0.019531
v -0.187500 -0.125000 0.019531
v -0.179688 -0.138672 0.019531
v -0.179688 -0.128906 0.019531
v -0.187500 -0.142578 0.023438
v -0.197266 -0.138672 0.023438
v -0.179688 -0.138672 0.023438
v -0.187500 -0.134766 0.025391
v -0.187500 -0.125000 0.023438
v -0.197266 -0.128906 0.023438
v -0.179688 -0.128906 0.023438
v 0.656250 0.087891 0.019531
v 0.648438 0.091797 0.019531
v 0.656250 0.105469 0.019531
v 0.664062 0.091797 0.019531
v 0.664062 0.101562 0.019531
v 0.648438 0.101562 0.019531
v 0.664062 0.101562 0.023438
v 0.656250 0.105469 0.023438
v 0.656250 0.095703 0.025391
v 0.648438 0.101562 0.023438
v 0.664062 0.091797 0.023438
v 0.648438 0.091797 0.023438
v 0.656250 0.087891 0.023438
v -0.179688 0.091797 0.019531
v -0.187500 0.105469 0.019531
v -0.179688 0.101562 0.019531
v -0.187500 0.087891 0.019531
v -0.197266 0.091797 0.019531
v -0.197266 0.101562 0.019531
v -0.197266 0.101562 0.023438
v -0.187500 0.105469 0.023438
v -0.179688 0.101562 0.023438
v -0.187500 0.087891 0.023438
v -0.197266 0.091797 0.023438
v -0.179688 0.091797 0.023438
v -0.187500 0.095703 0.025391
v -0.421875 -0.138672 0.019531
v -0.429688 -0.125000 0.019531
v -0.421875 -0.128906 0.019531
v -0.429688 -0.142578 0.019531
v -0.437500 -0.128906 0.019531
v -0.437500 -0.138672 0.019531
v -0.421875 -0.128906 0.023438
v -0.429688 -0.125000 0.023438
v -0.429688 -0.134766 0.025391
v -0.437500 -0.128906 0.023438
v -0.421875 -0.138672 0.023438
v -0.437500 -0.138672 0.023438
v -0.429688 -0.142578 0.023438
v -0.914062 -0.142578 0.019531
v -0.921875 -0.138672 0.019531
v -0.921875 -0.128906 0.019531
v -0.914062 -0.125000 0.019531
v -0.906250 -0.138672 0.019531
v -0.906250 -0.128906 0.019531
v -0.906250 -0.128906 0.023438
v -0.914062 -0.125000 0.023438
v -0.914062 -0.134766 0.025391
v -0.921875 -0.128906 0.023438
v -0.921875 -0.138672 0.023438
v -0.906250 -0.138672 0.023438
v -0.914062 -0.142578 0.023438
v -0.300781 -0.142578 -0.018838
v -0.292969 -0.138672 -0.018838
v -0.292969 -0.128906 -0.018838
v -0.300781 -0.125000 -0.018838
v -0.308594 -0.138672 -0.018838
v -0.308594 -0.128906 -0.018838
v -0.308594 -0.128906 -0.022745
v -0.300781 -0.125000 -0.022745
v -0.300781 -0.134766 -0.024698
v -0.292969 -0.128906 -0.022745
v -0.308594 -0.138672 -0.022745
v -0.292969 -0.138672 -0.022745
v -0.300781 -0.142578 -0.022745
v 0.419922 -0.142578 0.019531
v 0.412109 -0.138672 0.019531
v 0.412109 -0.128906 0.019531
v 0.419922 -0.125000 0.019531
v 0.427734 -0.138672 0.019531
v 0.427734 -0.128906 0.019531
v 0.419922 -0.134766 0.025391
v 0.419922 -0.125000 0.023438
v 0.412109 -0.128906 0.023438
v 0.427734 -0.128906 0.023438
v 0.412109 -0.138672 0.023438
v 0.427734 -0.138672 0.023438
v 0.419922 -0.142578 0.023438
v 0.419922 0.105469 -0.018609
v 0.412109 0.091797 -0.018609
v 0.419922 0.087891 -0.018609
v 0.427734 0.091797 -0.018609
v 0.427734 0.101562 -0.018609
v 0.412109 0.101562 -0.018609
v 0.412109 0.101562 -0.022516
v 0.419922 0.105469 -0.022516
v 0.419922 0.095703 -0.024469
v 0.427734 0.101562 -0.022516
v 0.412109 0.091797 -0.022516
v 0.427734 0.091797 -0.022516
v 0.419922 0.087891 -0.022516
v 0.664062 -0.138672 0.019531
v 0.656250 -0.125000 0.019531
v 0.664062 -0.128906 0.019531
v 0.656250 -0.142578 0.019531
v 0.648438 -0.128906 0.019531
v 0.648438 -0.138672 0.019531
v 0.656250 -0.134766 0.025391
v 0.656250 -0.125000 0.023438
v 0.648438 -0.128906 0.023438
v 0.664062 -0.128906 0.023438
v 0.664062 -0.138672 0.023438
v 0.648438 -0.138672 0.023438
v 0.656250 -0.142578 0.023438
v 0.914062 0.087891 0.019531
v 0.906250 0.091797 0.019531
v 0.914062 0.105469 0.019531
v 0.921875 0.091797 0.019531
v 0.921875 0.101562 0.019531
v 0.906250 0.101562 0.019531
v 0.914062 0.095703 0.025391
v 0.914062 0.105469 0.023438
v 0.906250 0.101562 0.023438
v 0.921875 0.101562 0.023438
v 0.921875 0.091797 0.023438
v 0.906250 0.091797 0.023438
v 0.914062 0.087891 0.023438
v -0.544922 0.087891 0.019531
v -0.552734 0.091797 0.019531
v -0.544922 0.105469 0.019531
v -0.537109 0.091797 0.019531
v -0.537109 0.101562 0.019531
v -0.552734 0.101562 0.019531
v -0.537109 0.101562 0.023438
v -0.544922 0.105469 0.023438
v -0.544922 0.095703 0.025391
v -0.552734 0.101562 0.023438
v -0.537109 0.091797 0.023438
v -0.552734 0.091797 0.023438
v -0.544922 0.087891 0.023438
v -0.794922 -0.142578 -0.018582
v -0.787109 -0.138672 -0.018582
v -0.787109 -0.128906 -0.018582
v -0.794922 -0.125000 -0.018582
v -0.802734 -0.138672 -0.018582
v -0.802734 -0.128906 -0.018582
v -0.794922 -0.134766 -0.024442
v -0.794922 -0.125000 -0.022489
v -0.787109 -0.128906 -0.022489
v -0.802734 -0.128906 -0.022489
v -0.787109 -0.138672 -0.022489
v -0.802734 -0.138672 -0.022489
v -0.794922 -0.142578 -0.022489
v -0.068359 -0.142578 -0.018551
v -0.060547 -0.128906 -0.018551
v -0.068359 -0.125000 -0.018551
v -0.076172 -0.138672 -0.018551
v -0.076172 -0.128906 -0.018551
v -0.060547 -0.138672 -0.018551
v -0.076172 -0.128906 -0.022458
v -0.068359 -0.125000 -0.022458
v -0.068359 -0.134766 -0.024411
v -0.060547 -0.128906 -0.022458
v -0.076172 -0.138672 -0.022458
v -0.060547 -0.138672 -0.022458
v -0.068359 -0.142578 -0.022458
v -0.914062 0.087891 0.019531
v -0.921875 0.091797 0.019531
v -0.914062 0.105469 0.019531
v -0.906250 0.091797 0.019531
v -0.906250 0.101562 0.019531
v -0.921875 0.101562 0.019531
v -0.906250 0.101562 0.023438
v -0.914062 0.105469 0.023438
v -0.914062 0.095703 0.025391
v -0.921875 0.101562 0.023438
v -0.921875 0.091797 0.023438
v -0.906250 0.091797 0.023438
v -0.914062 0.087891 0.023438
v -0.292969 0.091797 0.019531
v -0.300781 0.105469 0.019531
v -0.292969 0.101562 0.019531
v -0.300781 0.087891 0.019531
v -0.308594 0.091797 0.019531
v -0.308594 0.101562 0.019531
v -0.292969 0.101562 0.023438
v -0.300781 0.105469 0.023438
v -0.300781 0.095703 0.025391
v -0.308594 0.101562 0.023438
v -0.308594 0.091797 0.023438
v -0.292969 0.091797 0.023438
v -0.300781 0.087891 0.023438
v 0.060547 -0.125000 0.019531
v 0.068359 -0.138672 0.019531
v 0.060547 -0.142578 0.019531
v 0.052734 -0.128906 0.019531
v 0.052734 -0.138672 0.019531
v 0.068359 -0.128906 0.019531
v 0.060547 -0.134766 0.025391
v 0.060547 -0.125000 0.023438
v 0.052734 -0.128906 0.023438
v 0.068359 -0.128906 0.023438
v 0.052734 -0.138672 0.023438
v 0.068359 -0.138672 0.023438
v 0.060547 -0.142578 0.023438
v 0.177734 -0.142578 0.019531
v 0.169922 -0.138672 0.019531
v 0.169922 -0.128906 0.019531
v 0.177734 -0.125000 0.019531
v 0.185547 -0.138672 0.019531
v 0.185547 -0.128906 0.019531
v 0.185547 -0.128906 0.023438
v 0.177734 -0.125000 0.023438
v 0.177734 -0.134766 0.025391
v 0.169922 -0.128906 0.023438
v 0.185547 -0.138672 0.023438
v 0.169922 -0.138672 0.023438
v 0.177734 -0.142578 0.023438
v 0.296875 -0.138672 0.019531
v 0.289062 -0.125000 0.019531
v 0.296875 -0.128906 0.019531
v 0.289062 -0.142578 0.019531
v 0.281250 -0.128906 0.019531
v 0.281250 -0.138672 0.019531
v 0.296875 -0.128906 0.023438
v 0.289062 -0.125000 0.023438
v 0.289062 -0.134766 0.025391
v 0.281250 -0.128906 0.023438
v 0.296875 -0.138672 0.023438
v 0.281250 -0.138672 0.023438
v 0.289062 -0.142578 0.023438
v 0.542969 -0.138672 0.019531
v 0.535156 -0.125000 0.019531
v 0.542969 -0.128906 0.019531
v 0.535156 -0.142578 0.019531
v 0.527344 -0.128906 0.019531
v 0.527344 -0.138672 0.019531
v 0.542969 -0.128906 0.023438
v 0.535156 -0.125000 0.023438
v 0.535156 -0.134766 0.025391
v 0.527344 -0.128906 0.023438
v 0.542969 -0.138672 0.023438
v 0.527344 -0.138672 0.023438
v 0.535156 -0.142578 0.023438
v -0.068359 -0.142578 0.019531
v -0.076172 -0.138672 0.019531
v -0.076172 -0.128906 0.019531
v -0.068359 -0.125000 0.019531
v -0.060547 -0.138672 0.019531
v -0.060547 -0.128906 0.019531
v -0.068359 -0.134766 0.025391
v -0.068359 -0.125000 0.023438
v -0.076172 -0.128906 0.023438
v -0.060547 -0.128906 0.023438
v -0.076172 -0.138672 0.023438
v -0.060547 -0.138672 0.023438
v -0.068359 -0.142578 0.023438
v 0.169922 0.091797 0.019531
v 0.169922 0.101562 0.019531
v 0.177734 0.105469 0.019531
v 0.177734 0.087891 0.019531
v 0.185547 0.091797 0.019531
v 0.185547 0.101562 0.019531
v 0.185547 0.101562 0.023438
v 0.177734 0.105469 0.023438
v 0.177734 0.095703 0.025391
v 0.169922 0.101562 0.023438
v 0.185547 0.091797 0.023438
v 0.169922 0.091797 0.023438
v 0.177734 0.087891 0.023438
v 0.794922 0.091797 0.019531
v 0.787109 0.105469 0.019531
v 0.794922 0.101562 0.019531
v 0.787109 0.087891 0.019531
v 0.779297 0.091797 0.019531
v 0.779297 0.101562 0.019531
v 0.794922 0.101562 0.023438
v 0.787109 0.105469 0.023438
v 0.787109 0.095703 0.025391
v 0.779297 0.101562 0.023438
v 0.794922 0.091797 0.023438
v 0.779297 0.091797 0.023438
v 0.787109 0.087891 0.023438
v -0.544922 -0.142578 0.019531
v -0.552734 -0.128906 0.019531
v -0.544922 -0.125000 0.019531
v -0.537109 -0.138672 0.019531
v -0.537109 -0.128906 0.019531
v -0.552734 -0.138672 0.019531
v -0.537109 -0.128906 0.023438
v -0.544922 -0.125000 0.023438
v -0.544922 -0.134766 0.025391
v -0.552734 -0.128906 0.023438
v -0.537109 -0.138672 0.023438
v -0.552734 -0.138672 0.023438
v -0.544922 -0.142578 0.023438
v 0.648438 -0.138672 -0.019531
v 0.656250 -0.125000 -0.019531
v 0.648438 -0.128906 -0.019531
v 0.656250 -0.142578 -0.019531
v 0.664062 -0.128906 -0.019531
v 0.664062 -0.138672 -0.019531
v 0.648438 -0.128906 -0.023438
v 0.656250 -0.125000 -0.023438
v 0.656250 -0.134766 -0.025391
v 0.664062 -0.128906 -0.023438
v 0.664062 -0.138672 -0.023438
v 0.648438 -0.138672 -0.023438
v 0.656250 -0.142578 -0.023438
v 0.177734 -0.142578 -0.018717
v 0.185547 -0.128906 -0.018717
v 0.177734 -0.125000 -0.018717
v 0.169922 -0.138672 -0.018717
v 0.169922 -0.128906 -0.018717
v 0.185547 -0.138672 -0.018717
v 0.177734 -0.134766 -0.024577
v 0.177734 -0.125000 -0.022624
v 0.185547 -0.128906 -0.022624
v 0.169922 -0.128906 -0.022624
v 0.185547 -0.138672 -0.022624
v 0.169922 -0.138672 -0.022624
v 0.177734 -0.142578 -0.022624
v -0.802734 0.091797 0.019531
v -0.802734 0.101562 0.019531
v -0.794922 0.105469 0.019531
v -0.794922 0.087891 0.019531
v -0.787109 0.091797 0.019531
v -0.787109 0.101562 0.019531
v -0.787109 0.101562 0.023438
v -0.794922 0.105469 0.023438
v -0.794922 0.095703 0.025391
v -0.802734 0.101562 0.023438
v -0.787109 0.091797 0.023438
v -0.802734 0.091797 0.023438
v -0.794922 0.087891 0.023438
v 0.169922 0.091797 -0.018639
v 0.177734 0.105469 -0.018639
v 0.169922 0.101562 -0.018639
v 0.177734 0.087891 -0.018639
v 0.185547 0.091797 -0.018639
v 0.185547 0.101562 -0.018639
v 0.177734 0.095703 -0.024499
v 0.177734 0.105469 -0.022546
v 0.185547 0.101562 -0.022546
v 0.169922 0.101562 -0.022546
v 0.185547 0.091797 -0.022546
v 0.169922 0.091797 -0.022546
v 0.177734 0.087891 -0.022546
v -0.429688 0.105469 0.019531
v -0.421875 0.091797 0.019531
v -0.429688 0.087891 0.019531
v -0.437500 0.091797 0.019531
v -0.437500 0.101562 0.019531
v -0.421875 0.101562 0.019531
v -0.421875 0.101562 0.023438
v -0.429688 0.105469 0.023438
v -0.429688 0.095703 0.025391
v -0.437500 0.101562 0.023438
v -0.421875 0.091797 0.023438
v -0.437500 0.091797 0.023438
v -0.429688 0.087891 0.023438
v -0.662109 0.091797 0.019531
v -0.669922 0.105469 0.019531
v -0.662109 0.101562 0.019531
v -0.669922 0.087891 0.019531
v -0.677734 0.091797 0.019531
v -0.677734 0.101562 0.019531
v -0.669922 0.095703 0.025391
v -0.669922 0.105469 0.023438
v -0.677734 0.101562 0.023438
v -0.662109 0.101562 0.023438
v -0.662109 0.091797 0.023438
v -0.677734 0.091797 0.023438
v -0.669922 0.087891 0.023438
v 0.527344 0.091797 0.019531
v 0.527344 0.101562 0.019531
v 0.535156 0.105469 0.019531
v 0.535156 0.087891 0.019531
v 0.542969 0.091797 0.019531
v 0.542969 0.101562 0.019531
v 0.542969 0.101562 0.023438
v 0.535156 0.105469 0.023438
v 0.535156 0.095703 0.025391
v 0.527344 0.101562 0.023438
v 0.542969 0.091797 0.023438
v 0.527344 0.091797 0.023438
v 0.535156 0.087891 0.023438
v -0.662109 -0.138672 0.019531
v -0.669922 -0.125000 0.019531
v -0.662109 -0.128906 0.019531
v -0.669922 -0.142578 0.019531
v -0.677734 -0.128906 0.019531
v -0.677734 -0.138672 0.019531
v -0.669922 -0.134766 0.025391
v -0.669922 -0.125000 0.023438
v -0.677734 -0.128906 0.023438
v -0.662109 -0.128906 0.023438
v -0.662109 -0.138672 0.023438
v -0.677734 -0.138672 0.023438
v -0.669922 -0.142578 0.023438
v -0.787109 -0.138672 0.019531
v -0.794922 -0.125000 0.019531
v -0.787109 -0.128906 0.019531
v -0.794922 -0.142578 0.019531
v -0.802734 -0.128906 0.019531
v -0.802734 -0.138672 0.019531
v -0.787109 -0.128906 0.023438
v -0.794922 -0.125000 0.023438
v -0.794922 -0.134766 0.025391
v -0.802734 -0.128906 0.023438
v -0.787109 -0.138672 0.023438
v -0.802734 -0.138672 0.023438
v -0.794922 -0.142578 0.023438
v -0.300781 -0.142578 0.019531
v -0.308594 -0.138672 0.019531
v -0.308594 -0.128906 0.019531
v -0.300781 -0.125000 0.019531
v -0.292969 -0.138672 0.019531
v -0.292969 -0.128906 0.019531
v -0.300781 -0.134766 0.025391
v -0.300781 -0.125000 0.023438
v -0.308594 -0.128906 0.023438
v -0.292969 -0.128906 0.023438
v -0.308594 -0.138672 0.023438
v -0.292969 -0.138672 0.023438
v -0.300781 -0.142578 0.023438
v 0.281250 0.091797 0.019531
v 0.281250 0.101562 0.019531
v 0.289062 0.105469 0.019531
v 0.289062 0.087891 0.019531
v 0.296875 0.091797 0.019531
v 0.296875 0.101562 0.019531
v 0.296875 0.101562 0.023438
v 0.289062 0.105469 0.023438
v 0.289062 0.095703 0.025391
v 0.281250 0.101562 0.023438
v 0.296875 0.091797 0.023438
v 0.281250 0.091797 0.023438
v 0.289062 0.087891 0.023438
v 0.060547 0.087891 0.019531
v 0.052734 0.091797 0.019531
v 0.060547 0.105469 0.019531
v 0.068359 0.091797 0.019531
v 0.068359 0.101562 0.019531
v 0.052734 0.101562 0.019531
v 0.060547 0.095703 0.025391
v 0.060547 0.105469 0.023438
v 0.052734 0.101562 0.023438
v 0.068359 0.101562 0.023438
v 0.052734 0.091797 0.023438
v 0.068359 0.091797 0.023438
v 0.060547 0.087891 0.023438
v -0.068359 0.087891 -0.018778
v -0.060547 0.091797 -0.018778
v -0.068359 0.105469 -0.018778
v -0.076172 0.091797 -0.018778
v -0.076172 0.101562 -0.018778
v -0.060547 0.101562 -0.018778
v -0.076172 0.101562 -0.022685
v -0.068359 0.105469 -0.022685
v -0.068359 0.095703 -0.024638
v -0.060547 0.101562 -0.022685
v -0.076172 0.091797 -0.022685
v -0.060547 0.091797 -0.022685
v -0.068359 0.087891 -0.022685
v -0.552734 -0.138672 -0.019008
v -0.544922 -0.125000 -0.019008
v -0.552734 -0.128906 -0.019008
v -0.544922 -0.142578 -0.019008
v -0.537109 -0.128906 -0.019008
v -0.537109 -0.138672 -0.019008
v -0.544922 -0.134766 -0.024868
v -0.544922 -0.125000 -0.022915
v -0.537109 -0.128906 -0.022915
v -0.552734 -0.128906 -0.022915
v -0.537109 -0.138672 -0.022915
v -0.552734 -0.138672 -0.022915
v -0.544922 -0.142578 -0.022915
v 0.914062 -0.142578 0.019531
v 0.906250 -0.138672 0.019531
v 0.906250 -0.128906 0.019531
v 0.914062 -0.125000 0.019531
v 0.921875 -0.138672 0.019531
v 0.921875 -0.128906 0.019531
v 0.914062 -0.134766 0.025391
v 0.914062 -0.125000 0.023438
v 0.906250 -0.128906 0.023438
v 0.921875 -0.128906 0.023438
v 0.921875 -0.138672 0.023438
v 0.906250 -0.138672 0.023438
v 0.914062 -0.142578 0.023438
v 0.656250 0.087891 -0.019531
v 0.664062 0.091797 -0.019531
v 0.656250 0.105469 -0.019531
v 0.648438 0.091797 -0.019531
v 0.648438 0.101562 -0.019531
v 0.664062 0.101562 -0.019531
v 0.656250 0.095703 -0.025391
v 0.656250 0.105469 -0.023438
v 0.664062 0.101562 -0.023438
v 0.648438 0.101562 -0.023438
v 0.664062 0.091797 -0.023438
v 0.648438 0.091797 -0.023438
v 0.656250 0.087891 -0.023438
v -0.068359 0.105469 0.019531
v -0.060547 0.091797 0.019531
v -0.068359 0.087891 0.019531
v -0.076172 0.091797 0.019531
v -0.076172 0.101562 0.019531
v -0.060547 0.101562 0.019531
v -0.068359 0.095703 0.025391
v -0.068359 0.105469 0.023438
v -0.076172 0.101562 0.023438
v -0.060547 0.101562 0.023438
v -0.076172 0.091797 0.023438
v -0.060547 0.091797 0.023438
v -0.068359 0.087891 0.023438
v -0.308594 0.091797 -0.018924
v -0.300781 0.105469 -0.018924
v -0.308594 0.101562 -0.018924
v -0.300781 0.087891 -0.018924
v -0.292969 0.091797 -0.018924
v -0.292969 0.101562 -0.018924
v -0.300781 0.095703 -0.024784
v -0.300781 0.105469 -0.022831
v -0.292969 0.101562 -0.022831
v -0.308594 0.101562 -0.022831
v -0.308594 0.091797 -0.022831
v -0.292969 0.091797 -0.022831
v -0.300781 0.087891 -0.022831
v 0.412109 0.091797 0.019531
v 0.412109 0.101562 0.019531
v 0.419922 0.105469 0.019531
v 0.419922 0.087891 0.019531
v 0.427734 0.091797 0.019531
v 0.427734 0.101562 0.019531
v 0.419922 0.095703 0.025391
v 0.419922 0.105469 0.023438
v 0.412109 0.101562 0.023438
v 0.427734 0.101562 0.023438
v 0.412109 0.091797 0.023438
v 0.427734 0.091797 0.023438
v 0.419922 0.087891 0.023438
v 0.412109 -0.138672 -0.018644
v 0.419922 -0.125000 -0.018644
v 0.412109 -0.128906 -0.018644
v 0.419922 -0.142578 -0.018644
v 0.427734 -0.128906 -0.018644
v 0.427734 -0.138672 -0.018644
v 0.412109 -0.128906 -0.022551
v 0.419922 -0.125000 -0.022551
v 0.419922 -0.134766 -0.024504
v 0.427734 -0.128906 -0.022551
v 0.412109 -0.138672 -0.022551
v 0.427734 -0.138672 -0.022551
v 0.419922 -0.142578 -0.022551
v -0.794922 0.105469 -0.018892
v -0.802734 0.091797 -0.018892
v -0.794922 0.087891 -0.018892
v -0.787109 0.091797 -0.018892
v -0.787109 0.101562 -0.018892
v -0.802734 0.101562 -0.018892
v -0.794922 0.095703 -0.024752
v -0.794922 0.105469 -0.022799
v -0.787109 0.101562 -0.022799
v -0.802734 0.101562 -0.022799
v -0.787109 0.091797 -0.022799
v -0.802734 0.091797 -0.022799
v -0.794922 0.087891 -0.022799
vt 0.654418 0.084106
vt 0.658547 0.072774
vt 0.654418 0.069536
vt 0.650289 0.080868
vt 0.650289 0.072774
vt 0.658547 0.080868
vt 0.038506 0.277483
vt 0.033443 0.277483
vt 0.035462 0.270861
vt 0.035462 0.284106
vt 0.040508 0.284106
vt 0.040508 0.270861
vt 0.042527 0.277483
vt 0.727057 0.122517
vt 0.732040 0.125828
vt 0.731242 0.129139
vt 0.726259 0.125828
vt 0.743572 0.372848
vt 0.748555 0.376159
vt 0.747757 0.379470
vt 0.742775 0.376159
vt 0.392651 0.366225
vt 0.388109 0.366225
vt 0.388109 0.370199
vt 0.392651 0.370199
vt 0.383567 0.370199
vt 0.383567 0.366225
vt 0.566887 0.213907
vt 0.562345 0.213907
vt 0.562345 0.217881
vt 0.566887 0.217881
vt 0.557803 0.217881
vt 0.557803 0.213907
vt 0.485962 0.117219
vt 0.481833 0.120456
vt 0.485962 0.131788
vt 0.490091 0.120456
vt 0.490091 0.128550
vt 0.481833 0.128550
vt 0.958302 0.643157
vt 0.963086 0.643669
vt 0.961680 0.637237
vt 0.961154 0.649743
vt 0.956609 0.636424
vt 0.956060 0.649468
vt 0.954170 0.642715
vt 0.964905 0.643864
vt 0.963766 0.636424
vt 0.963153 0.650993
vt 0.348857 0.282781
vt 0.353840 0.286093
vt 0.353042 0.289404
vt 0.348059 0.286093
vt 0.878998 0.392715
vt 0.883980 0.396026
vt 0.883183 0.399338
vt 0.878200 0.396026
vt 0.590441 0.113245
vt 0.594766 0.111589
vt 0.594333 0.108278
vt 0.590008 0.109934
vt 0.598659 0.106623
vt 0.599092 0.109934
vt 0.661850 0.135762
vt 0.751858 0.135762
vt 0.751858 0.195364
vt 0.661850 0.195364
vt 0.272089 0.134437
vt 0.362097 0.134437
vt 0.362097 0.194040
vt 0.272089 0.194040
vt 0.263065 0.076159
vt 0.229975 0.076159
vt 0.229975 0.135762
vt 0.263065 0.135762
vt 0.284476 0.099686
vt 0.284476 0.112234
vt 0.451339 0.698676
vt 0.418249 0.698676
vt 0.418249 0.758278
vt 0.451339 0.758278
vt 0.472750 0.722203
vt 0.472750 0.734751
vt 0.806358 0.607598
vt 0.806358 0.595051
vt 0.784990 0.571523
vt 0.784990 0.631126
vt 0.571307 0.631126
vt 0.571307 0.571523
vt 0.569364 0.627989
vt 0.569364 0.574661
vt 0.095376 0.023179
vt 0.056887 0.023179
vt 0.056887 0.082781
vt 0.095376 0.082781
vt 0.054913 0.079644
vt 0.054913 0.026316
vt 0.916185 0.088887
vt 0.916185 0.027152
vt 0.879026 0.027152
vt 0.879026 0.088887
vt 0.914229 0.092053
vt 0.880982 0.092053
vt 0.779430 0.024503
vt 0.817919 0.024503
vt 0.817919 0.084106
vt 0.779430 0.084106
vt 0.777457 0.027640
vt 0.777457 0.080968
vt 0.325039 0.572848
vt 0.111356 0.572848
vt 0.111356 0.632450
vt 0.325039 0.632450
vt 0.346408 0.608923
vt 0.346408 0.596375
vt 0.109414 0.629313
vt 0.109414 0.575984
vt 0.430927 0.694702
vt 0.644610 0.694702
vt 0.644610 0.635099
vt 0.430927 0.635099
vt 0.428984 0.691565
vt 0.428984 0.638237
vt 0.665979 0.669606
vt 0.665979 0.658627
vt 0.607349 0.036424
vt 0.568861 0.036424
vt 0.568861 0.096026
vt 0.607349 0.096026
vt 0.566887 0.092889
vt 0.566887 0.039561
vt 0.560281 0.000662
vt 0.560281 0.062397
vt 0.523947 0.062397
vt 0.523947 0.000662
vt 0.525911 0.065563
vt 0.558316 0.065563
vt 0.644509 0.502147
vt 0.646451 0.505298
vt 0.646451 0.447020
vt 0.644509 0.450170
vt 0.860134 0.447020
vt 0.860134 0.505298
vt 0.881503 0.481672
vt 0.881503 0.470646
vt 0.874071 0.023179
vt 0.874071 0.084914
vt 0.836912 0.084914
vt 0.836912 0.023179
vt 0.838867 0.088079
vt 0.872115 0.088079
vt 0.713047 0.691565
vt 0.714989 0.694702
vt 0.714989 0.635099
vt 0.713047 0.638236
vt 0.928673 0.635099
vt 0.928673 0.694702
vt 0.950041 0.671175
vt 0.950041 0.658627
vt 0.646986 0.047020
vt 0.646986 0.108755
vt 0.609827 0.108755
vt 0.609827 0.047020
vt 0.611782 0.111921
vt 0.645030 0.111921
vt 0.066474 0.692890
vt 0.068416 0.696027
vt 0.068416 0.636424
vt 0.066474 0.639561
vt 0.282100 0.636424
vt 0.282100 0.696027
vt 0.303468 0.672500
vt 0.303468 0.659951
vt 0.446325 0.111921
vt 0.446325 0.050186
vt 0.483485 0.050186
vt 0.483485 0.111921
vt 0.481529 0.047020
vt 0.448281 0.047020
vt 0.756813 0.755141
vt 0.758755 0.758278
vt 0.758755 0.698676
vt 0.756813 0.701812
vt 0.972438 0.698676
vt 0.972438 0.758278
vt 0.993807 0.733182
vt 0.993807 0.722203
vt 0.992981 0.762252
vt 0.954492 0.762252
vt 0.954492 0.821854
vt 0.992981 0.821854
vt 0.952519 0.818717
vt 0.952519 0.765388
vt 0.496697 0.755141
vt 0.498639 0.758278
vt 0.498639 0.698676
vt 0.496697 0.701813
vt 0.712323 0.698676
vt 0.712323 0.758278
vt 0.733691 0.734751
vt 0.733691 0.722203
vt 0.043353 0.012583
vt 0.004864 0.012583
vt 0.004864 0.070861
vt 0.043353 0.070861
vt 0.002890 0.067711
vt 0.002890 0.015734
vt 0.037572 0.502147
vt 0.039515 0.505298
vt 0.039515 0.447020
vt 0.037572 0.450170
vt 0.253198 0.447020
vt 0.253198 0.505298
vt 0.274566 0.481672
vt 0.274566 0.469071
vt 0.956647 0.008609
vt 0.956647 0.070344
vt 0.920314 0.070344
vt 0.920314 0.008609
vt 0.922278 0.073510
vt 0.954684 0.073510
vt 0.376961 0.510095
vt 0.378904 0.513245
vt 0.378904 0.454967
vt 0.376961 0.458118
vt 0.592587 0.454967
vt 0.592587 0.513245
vt 0.613955 0.489619
vt 0.613955 0.478593
vt 0.703964 0.066887
vt 0.665475 0.066887
vt 0.665475 0.126490
vt 0.703964 0.126490
vt 0.663501 0.123353
vt 0.663501 0.070024
vt 0.141618 0.756466
vt 0.143561 0.759603
vt 0.143561 0.700000
vt 0.141618 0.703137
vt 0.357244 0.700000
vt 0.357244 0.759603
vt 0.378613 0.734507
vt 0.378613 0.723528
vt 0.324938 0.009934
vt 0.286449 0.009934
vt 0.286449 0.068212
vt 0.324938 0.068212
vt 0.284476 0.065062
vt 0.284476 0.013084
vt 0.044178 0.565724
vt 0.046121 0.568874
vt 0.046121 0.510596
vt 0.044178 0.513746
vt 0.259804 0.510596
vt 0.259804 0.568874
vt 0.281173 0.545248
vt 0.281173 0.534223
vt 0.271263 0.012583
vt 0.232775 0.012583
vt 0.232775 0.070861
vt 0.271263 0.070861
vt 0.230801 0.067710
vt 0.230801 0.014158
vt 0.659372 0.565975
vt 0.661315 0.567550
vt 0.661315 0.509272
vt 0.659372 0.512422
vt 0.874998 0.509272
vt 0.874998 0.567550
vt 0.896367 0.543923
vt 0.896367 0.532898
vt 0.407514 0.056291
vt 0.369026 0.056291
vt 0.369026 0.115894
vt 0.407514 0.115894
vt 0.367052 0.112757
vt 0.367052 0.059429
vt 0.430636 0.818717
vt 0.432578 0.821854
vt 0.432578 0.762252
vt 0.430636 0.765388
vt 0.646262 0.762252
vt 0.646262 0.821854
vt 0.667630 0.798327
vt 0.667630 0.787347
vt 0.177952 0.011258
vt 0.139463 0.011258
vt 0.139463 0.069536
vt 0.177952 0.069536
vt 0.137490 0.066386
vt 0.137490 0.014408
vt 0.334847 0.573671
vt 0.336790 0.576821
vt 0.336790 0.518543
vt 0.334847 0.521694
vt 0.550473 0.518543
vt 0.550473 0.576821
vt 0.571841 0.553195
vt 0.571841 0.542169
vt 0.696532 0.818717
vt 0.698474 0.821854
vt 0.698474 0.762252
vt 0.696532 0.765388
vt 0.912158 0.762252
vt 0.912158 0.821854
vt 0.933526 0.798327
vt 0.933526 0.787347
vt 0.849357 0.631126
vt 0.870768 0.606030
vt 0.870768 0.595051
vt 0.849357 0.571523
vt 0.816268 0.631126
vt 0.816268 0.571523
vt 0.554500 0.135762
vt 0.464492 0.135762
vt 0.464492 0.195364
vt 0.554500 0.195364
vt 0.809661 0.096026
vt 0.899670 0.096026
vt 0.899670 0.154305
vt 0.809661 0.154305
vt 0.746962 0.118543
vt 0.768373 0.094917
vt 0.768373 0.083891
vt 0.746962 0.060265
vt 0.713873 0.118543
vt 0.713873 0.060265
vt 0.005367 0.142384
vt 0.095376 0.142384
vt 0.095376 0.201987
vt 0.005367 0.201987
vt 0.130942 0.139735
vt 0.152353 0.114639
vt 0.152353 0.103660
vt 0.130942 0.080132
vt 0.097853 0.139735
vt 0.097853 0.080132
vt 0.561107 0.119868
vt 0.651115 0.119868
vt 0.651115 0.178146
vt 0.561107 0.178146
vt 0.335732 0.130464
vt 0.357143 0.106837
vt 0.357143 0.095812
vt 0.335732 0.072185
vt 0.302642 0.130464
vt 0.302642 0.072185
vt 0.367878 0.123841
vt 0.457886 0.123841
vt 0.457886 0.182119
vt 0.367878 0.182119
vt 0.541347 0.130464
vt 0.562758 0.106837
vt 0.562758 0.095811
vt 0.541347 0.072185
vt 0.508258 0.130464
vt 0.508258 0.072185
vt 0.324112 0.568874
vt 0.324112 0.424503
vt 0.286953 0.424503
vt 0.286953 0.568874
vt 0.762593 0.122422
vt 0.777261 0.088079
vt 0.784106 0.088079
vt 0.799752 0.122422
vt 0.762593 0.175497
vt 0.799752 0.175497
vt 0.879026 0.572848
vt 0.969034 0.572848
vt 0.969034 0.631126
vt 0.879026 0.631126
vt 0.040934 0.133113
vt 0.062345 0.109486
vt 0.062345 0.098461
vt 0.040934 0.074834
vt 0.007845 0.133113
vt 0.007845 0.074834
vt 0.040875 0.701324
vt 0.130884 0.701324
vt 0.130884 0.759603
vt 0.040875 0.759603
vt 0.206087 0.133113
vt 0.227498 0.111061
vt 0.227498 0.098461
vt 0.206087 0.074834
vt 0.172998 0.133113
vt 0.172998 0.074834
vt 0.139141 0.142384
vt 0.229149 0.142384
vt 0.229149 0.201987
vt 0.139141 0.201987
vt 0.962428 0.933018
vt 0.977096 0.898676
vt 0.984919 0.898676
vt 0.999587 0.933018
vt 0.962428 0.986093
vt 0.999587 0.986093
vt 0.828654 0.159603
vt 0.918662 0.159603
vt 0.918662 0.219205
vt 0.828654 0.219205
vt 0.376135 0.754210
vt 0.390804 0.719868
vt 0.397649 0.719868
vt 0.413295 0.754210
vt 0.376135 0.807285
vt 0.413295 0.807285
vt 0.329067 0.635099
vt 0.419075 0.635099
vt 0.419075 0.694702
vt 0.329067 0.694702
vt 0.083048 0.632450
vt 0.104459 0.608923
vt 0.104459 0.596375
vt 0.083048 0.572848
vt 0.049959 0.632450
vt 0.049959 0.572848
vt 0.902973 0.507947
vt 0.992981 0.507947
vt 0.992981 0.567550
vt 0.902973 0.567550
vt 0.718886 0.368874
vt 0.740297 0.345347
vt 0.740297 0.332799
vt 0.718886 0.309272
vt 0.685797 0.368874
vt 0.685797 0.309272
vt 0.994633 0.282781
vt 0.994633 0.138411
vt 0.958299 0.138411
vt 0.958299 0.282781
vt 0.952577 0.137086
vt 0.973988 0.113460
vt 0.973988 0.102434
vt 0.952577 0.078808
vt 0.919488 0.137086
vt 0.919488 0.078808
vt 0.880677 0.403311
vt 0.970685 0.403311
vt 0.970685 0.462914
vt 0.880677 0.462914
vt 0.314203 0.355629
vt 0.347293 0.355629
vt 0.347293 0.296026
vt 0.314203 0.296026
vt 0.368704 0.321122
vt 0.368704 0.332102
vt 0.374589 0.978808
vt 0.343489 0.958278
vt 0.379449 0.975649
vt 0.262822 0.978808
vt 0.258935 0.975649
vt 0.279344 0.958278
vt 0.221031 0.958278
vt 0.255047 0.978808
vt 0.143280 0.978808
vt 0.139393 0.975649
vt 0.160774 0.958278
vt 0.095658 0.958278
vt 0.135505 0.978808
vt 0.021794 0.978808
vt 0.017907 0.975649
vt 0.037345 0.958278
vt 0.000413 0.958278
vt 0.014019 0.978808
vt 0.000413 0.999338
vt 0.014019 0.986704
vt 0.017907 0.989862
vt 0.037345 0.999338
vt 0.021794 0.986704
vt 0.095658 0.999338
vt 0.135505 0.986704
vt 0.139393 0.989862
vt 0.160774 0.999338
vt 0.143280 0.986704
vt 0.221031 0.999338
vt 0.255047 0.986704
vt 0.258934 0.989862
vt 0.279344 0.999338
vt 0.262822 0.986704
vt 0.343489 0.999338
vt 0.374589 0.986704
vt 0.379449 0.989862
vt 0.398886 0.999338
vt 0.383336 0.986704
vt 0.383336 0.978808
vt 0.398886 0.958278
vt 0.457200 0.958278
vt 0.457200 0.999338
vt 0.498991 0.978808
vt 0.498991 0.986704
vt 0.502878 0.989862
vt 0.524260 0.999338
vt 0.506766 0.986704
vt 0.506766 0.978808
vt 0.524260 0.958278
vt 0.581601 0.958278
vt 0.581601 0.999338
vt 0.612701 0.978808
vt 0.612701 0.986704
vt 0.616589 0.989862
vt 0.636027 0.999338
vt 0.620477 0.986704
vt 0.620477 0.978808
vt 0.636027 0.958278
vt 0.701143 0.958278
vt 0.701143 0.999338
vt 0.735159 0.978808
vt 0.735159 0.986704
vt 0.739047 0.989862
vt 0.760428 0.999338
vt 0.742934 0.986704
vt 0.742934 0.978808
vt 0.760428 0.958278
vt 0.819713 0.958278
vt 0.819713 0.999338
vt 0.860533 0.978808
vt 0.860533 0.986704
vt 0.864420 0.989862
vt 0.886773 0.999338
vt 0.868308 0.986704
vt 0.868308 0.978808
vt 0.886773 0.958278
vt 0.908155 0.958278
vt 0.908155 0.999338
vt 0.923705 0.978808
vt 0.923705 0.986704
vt 0.927592 0.989862
vt 0.945087 0.999338
vt 0.931480 0.986704
vt 0.931480 0.978808
vt 0.945087 0.958278
vt 0.927592 0.975649
vt 0.864420 0.975649
vt 0.739047 0.975649
vt 0.616589 0.975649
vt 0.502878 0.975649
vt 0.395722 0.936821
vt 0.391835 0.940000
vt 0.411273 0.954305
vt 0.355875 0.954305
vt 0.386976 0.936821
vt 0.275209 0.936821
vt 0.271321 0.940000
vt 0.291731 0.954305
vt 0.233418 0.954305
vt 0.267434 0.936821
vt 0.155667 0.936821
vt 0.151779 0.940000
vt 0.173161 0.954305
vt 0.108045 0.954305
vt 0.147892 0.936821
vt 0.026406 0.936821
vt 0.012799 0.954305
vt 0.030294 0.940000
vt 0.049731 0.954305
vt 0.034181 0.936821
vt 0.049731 0.914570
vt 0.034181 0.928874
vt 0.030294 0.925696
vt 0.012799 0.914570
vt 0.026406 0.928874
vt 0.108045 0.914570
vt 0.147892 0.928874
vt 0.151779 0.925696
vt 0.173161 0.914570
vt 0.155667 0.928874
vt 0.233418 0.914570
vt 0.267434 0.928874
vt 0.271321 0.925696
vt 0.291731 0.914570
vt 0.275209 0.928874
vt 0.355875 0.914570
vt 0.386976 0.928874
vt 0.391835 0.925695
vt 0.411273 0.914570
vt 0.395722 0.928874
vt 0.469586 0.954305
vt 0.469586 0.914570
vt 0.511377 0.936821
vt 0.511377 0.928874
vt 0.515265 0.925696
vt 0.536646 0.914570
vt 0.519152 0.928874
vt 0.519152 0.936821
vt 0.536646 0.954305
vt 0.593988 0.954305
vt 0.593988 0.914570
vt 0.625088 0.936821
vt 0.625088 0.928874
vt 0.628975 0.925695
vt 0.648413 0.914570
vt 0.632863 0.928874
vt 0.632863 0.936821
vt 0.648413 0.954305
vt 0.713529 0.954305
vt 0.713529 0.914570
vt 0.747546 0.936821
vt 0.747546 0.928874
vt 0.751433 0.925695
vt 0.772815 0.914570
vt 0.755321 0.928874
vt 0.755321 0.936821
vt 0.772815 0.954305
vt 0.832100 0.954305
vt 0.832100 0.914570
vt 0.872919 0.936821
vt 0.872919 0.928874
vt 0.876806 0.925695
vt 0.899160 0.914570
vt 0.880694 0.928874
vt 0.880694 0.936821
vt 0.899160 0.954305
vt 0.920541 0.954305
vt 0.920541 0.914570
vt 0.936091 0.936821
vt 0.936091 0.928874
vt 0.939979 0.925696
vt 0.957473 0.914570
vt 0.943866 0.928874
vt 0.943867 0.936821
vt 0.957473 0.954305
vt 0.939979 0.940000
vt 0.876806 0.940000
vt 0.751433 0.940000
vt 0.628975 0.940000
vt 0.515265 0.940000
vt 0.720880 0.841098
vt 0.655080 0.841098
vt 0.655080 0.829298
vt 0.720880 0.829298
vt 0.780787 0.841098
vt 0.780787 0.829298
vt 0.840694 0.841098
vt 0.840694 0.829298
vt 0.908457 0.841098
vt 0.908457 0.829298
vt 0.930063 0.841098
vt 0.930063 0.829298
vt 0.967382 0.841098
vt 0.967382 0.829298
vt 0.174843 0.829298
vt 0.235732 0.829298
vt 0.235732 0.841098
vt 0.174843 0.841098
vt 0.109044 0.829298
vt 0.109044 0.841098
vt 0.050119 0.829298
vt 0.050119 0.841098
vt 0.012799 0.841098
vt 0.012799 0.829298
vt 0.294657 0.841098
vt 0.294657 0.829298
vt 0.359474 0.841098
vt 0.359474 0.829298
vt 0.415452 0.841098
vt 0.415452 0.829298
vt 0.474378 0.841098
vt 0.474377 0.829298
vt 0.542141 0.841098
vt 0.542141 0.829298
vt 0.600084 0.841098
vt 0.600084 0.829298
vt 0.359474 0.825828
vt 0.415452 0.825828
vt 0.474378 0.825828
vt 0.542141 0.825828
vt 0.600084 0.825828
vt 0.655080 0.825828
vt 0.720880 0.825828
vt 0.780787 0.825828
vt 0.840694 0.825828
vt 0.908457 0.825828
vt 0.930063 0.825828
vt 0.967382 0.825828
vt 0.235732 0.825828
vt 0.174843 0.825828
vt 0.109044 0.825828
vt 0.050119 0.825828
vt 0.012799 0.825828
vt 0.294657 0.825828
vt 0.930063 0.844371
vt 0.908457 0.844371
vt 0.275817 0.862094
vt 0.341616 0.862094
vt 0.341616 0.850294
vt 0.275817 0.850294
vt 0.215910 0.862094
vt 0.215910 0.850294
vt 0.156003 0.862094
vt 0.156003 0.850294
vt 0.088240 0.862094
vt 0.088240 0.850294
vt 0.066634 0.862094
vt 0.066634 0.850294
vt 0.029315 0.862094
vt 0.029315 0.850294
vt 0.983898 0.862094
vt 0.983898 0.850294
vt 0.946578 0.850294
vt 0.946578 0.862094
vt 0.887653 0.862094
vt 0.887653 0.850294
vt 0.821854 0.862094
vt 0.821854 0.850294
vt 0.760965 0.862094
vt 0.760965 0.850294
vt 0.702040 0.862094
vt 0.702040 0.850294
vt 0.637223 0.862094
vt 0.637223 0.850294
vt 0.581245 0.862094
vt 0.581244 0.850294
vt 0.522319 0.862094
vt 0.522319 0.850294
vt 0.454556 0.862094
vt 0.454556 0.850294
vt 0.396613 0.862094
vt 0.396613 0.850294
vt 0.702040 0.865563
vt 0.637223 0.865563
vt 0.581244 0.865563
vt 0.522319 0.865563
vt 0.454556 0.865563
vt 0.396613 0.865563
vt 0.341616 0.865563
vt 0.275817 0.865563
vt 0.215910 0.865563
vt 0.156003 0.865563
vt 0.088240 0.865563
vt 0.066634 0.865563
vt 0.029315 0.865563
vt 0.983898 0.865563
vt 0.946578 0.865563
vt 0.887653 0.865563
vt 0.821854 0.865563
vt 0.760965 0.865563
vt 0.088240 0.847020
vt 0.066634 0.847020
vt 0.749781 0.884807
vt 0.683982 0.884807
vt 0.683982 0.873006
vt 0.749781 0.873006
vt 0.809688 0.884807
vt 0.809688 0.873006
vt 0.869596 0.884807
vt 0.869595 0.873006
vt 0.937359 0.884807
vt 0.937359 0.873006
vt 0.958965 0.884807
vt 0.958965 0.873006
vt 0.996284 0.884807
vt 0.996284 0.873006
vt 0.041701 0.884807
vt 0.041701 0.873006
vt 0.079020 0.873006
vt 0.079020 0.884807
vt 0.137945 0.884807
vt 0.137945 0.873006
vt 0.203745 0.884807
vt 0.203745 0.873006
vt 0.264634 0.884807
vt 0.264634 0.873006
vt 0.323558 0.884807
vt 0.323558 0.873006
vt 0.388376 0.884807
vt 0.388376 0.873006
vt 0.444354 0.884807
vt 0.444354 0.873006
vt 0.503279 0.884807
vt 0.503279 0.873006
vt 0.571043 0.884807
vt 0.571043 0.873006
vt 0.628986 0.884807
vt 0.628986 0.873006
vt 0.388376 0.869536
vt 0.444354 0.869536
vt 0.503279 0.869536
vt 0.571043 0.869536
vt 0.628986 0.869536
vt 0.683982 0.869536
vt 0.749781 0.869536
vt 0.809688 0.869536
vt 0.869596 0.869536
vt 0.937359 0.869536
vt 0.958965 0.869536
vt 0.996284 0.869536
vt 0.041701 0.869536
vt 0.079020 0.869536
vt 0.137945 0.869536
vt 0.203745 0.869536
vt 0.264634 0.869536
vt 0.323558 0.869536
vt 0.958965 0.888079
vt 0.937359 0.888079
vt 0.284748 0.894002
vt 0.349565 0.894002
vt 0.349565 0.905803
vt 0.284748 0.905803
vt 0.225823 0.894002
vt 0.225823 0.905803
vt 0.164934 0.894002
vt 0.164934 0.905803
vt 0.099134 0.894002
vt 0.099134 0.905803
vt 0.040209 0.894002
vt 0.040209 0.905803
vt 0.002890 0.905803
vt 0.002890 0.894002
vt 0.920154 0.894002
vt 0.957473 0.894002
vt 0.957473 0.905803
vt 0.920154 0.905803
vt 0.898548 0.894002
vt 0.898548 0.905803
vt 0.830785 0.894002
vt 0.830785 0.905803
vt 0.770878 0.894002
vt 0.770878 0.905803
vt 0.710971 0.894002
vt 0.710970 0.905803
vt 0.645171 0.894002
vt 0.645171 0.905803
vt 0.590175 0.894002
vt 0.590175 0.905803
vt 0.532232 0.894002
vt 0.532232 0.905803
vt 0.464468 0.894002
vt 0.464468 0.905803
vt 0.405543 0.894002
vt 0.405543 0.905803
vt 0.349565 0.909272
vt 0.405543 0.909272
vt 0.464468 0.909272
vt 0.532232 0.909272
vt 0.590175 0.909272
vt 0.645171 0.909272
vt 0.710971 0.909272
vt 0.770878 0.909272
vt 0.830785 0.909272
vt 0.898548 0.909272
vt 0.920154 0.909272
vt 0.957473 0.909272
vt 0.099135 0.909272
vt 0.040209 0.909272
vt 0.002890 0.909272
vt 0.164934 0.909272
vt 0.225823 0.909272
vt 0.284748 0.909272
vt 0.898548 0.890728
vt 0.920154 0.890728
vt 0.103049 0.423268
vt 0.195346 0.423635
vt 0.194361 0.426901
vt 0.195326 0.441620
vt 0.194348 0.438347
vt 0.220875 0.423736
vt 0.220854 0.441722
vt 0.221840 0.438456
vt 0.221853 0.427010
vt 0.255237 0.427142
vt 0.255255 0.410791
vt 0.039242 0.409934
vt 0.078503 0.423171
vt 0.078482 0.441157
vt 0.103029 0.441254
vt 0.104015 0.437988
vt 0.104028 0.426542
vt 0.077517 0.426437
vt 0.077504 0.437883
vt 0.039224 0.426285
vt 0.277025 0.426285
vt 0.277044 0.409934
vt 0.787241 0.424624
vt 0.788233 0.421484
vt 0.695947 0.420540
vt 0.787206 0.435651
vt 0.788178 0.438812
vt 0.813759 0.421745
vt 0.813704 0.439073
vt 0.814730 0.424906
vt 0.814695 0.435933
vt 0.848110 0.425247
vt 0.848160 0.409495
vt 0.632172 0.407285
vt 0.671403 0.420289
vt 0.632122 0.423037
vt 0.670411 0.423429
vt 0.670376 0.434456
vt 0.671348 0.437616
vt 0.695892 0.437867
vt 0.696918 0.423700
vt 0.696883 0.434727
vt 0.869942 0.407285
vt 0.869892 0.423037
vt 0.868053 0.285638
vt 0.869060 0.282475
vt 0.775859 0.280781
vt 0.776835 0.283980
vt 0.894839 0.282944
vt 0.895815 0.286142
vt 0.929526 0.286755
vt 0.929605 0.270852
vt 0.711474 0.266887
vt 0.751071 0.280331
vt 0.711396 0.282790
vt 0.750064 0.283493
vt 0.951693 0.266887
vt 0.951614 0.282790
vt 0.680035 0.247020
vt 0.739332 0.259735
vt 0.830706 0.259735
vt 0.740303 0.262914
vt 0.829734 0.262913
vt 0.714058 0.259735
vt 0.680035 0.262914
vt 0.713086 0.262914
vt 0.855007 0.259735
vt 0.855979 0.262914
vt 0.893889 0.262914
vt 0.893889 0.247020
vt 0.653592 0.262914
vt 0.653592 0.247020
vt 0.030966 0.462944
vt 0.030966 0.805960
vt 0.023039 0.704618
vt 0.023039 0.743596
vt 0.021057 0.805960
vt 0.021057 0.745155
vt 0.023039 0.558051
vt 0.023039 0.517514
vt 0.021057 0.462944
vt 0.021057 0.515955
vt 0.021057 0.703058
vt 0.021057 0.559611
vt 0.030966 0.420530
vt 0.021057 0.420530
vt 0.001239 0.558052
vt 0.001239 0.517514
vt 0.001239 0.743596
vt 0.001239 0.704618
vt 0.261404 0.284901
vt 0.169922 0.284901
vt 0.170895 0.288079
vt 0.110555 0.272186
vt 0.324663 0.272185
vt 0.285735 0.284901
vt 0.324663 0.288079
vt 0.286708 0.288079
vt 0.144618 0.284901
vt 0.110555 0.288079
vt 0.143644 0.288079
vt 0.260431 0.288079
vt 0.084641 0.288079
vt 0.084641 0.272185
vt 0.327415 0.272185
vt 0.327415 0.288079
vt 0.487380 0.202914
vt 0.395121 0.203507
vt 0.396097 0.200335
vt 0.486393 0.199754
vt 0.335274 0.216556
vt 0.369603 0.203672
vt 0.335246 0.200727
vt 0.368616 0.200512
vt 0.511917 0.202756
vt 0.512893 0.199584
vt 0.551170 0.199338
vt 0.551197 0.215167
vt 0.313377 0.199338
vt 0.313405 0.215167
vt 0.588119 0.304181
vt 0.589126 0.301018
vt 0.495925 0.299324
vt 0.496901 0.302523
vt 0.471137 0.298874
vt 0.431540 0.285430
vt 0.431462 0.301333
vt 0.470130 0.302036
vt 0.649671 0.289395
vt 0.614905 0.301487
vt 0.649592 0.305298
vt 0.615881 0.304685
vt 0.671759 0.285430
vt 0.671680 0.301333
vt 0.904674 0.304768
vt 0.813192 0.304768
vt 0.814165 0.307947
vt 0.903701 0.307947
vt 0.753825 0.292053
vt 0.787888 0.304768
vt 0.753825 0.307947
vt 0.786914 0.307947
vt 0.967933 0.307947
vt 0.967933 0.292053
vt 0.929005 0.304768
vt 0.929978 0.307947
vt 0.727911 0.307947
vt 0.727911 0.292053
vt 0.970685 0.292053
vt 0.970685 0.307947
vt 0.186798 0.310803
vt 0.187805 0.307641
vt 0.094604 0.305947
vt 0.095579 0.309145
vt 0.030140 0.307956
vt 0.068809 0.308659
vt 0.069816 0.305496
vt 0.030219 0.292053
vt 0.248349 0.296018
vt 0.213584 0.308109
vt 0.248271 0.311921
vt 0.214560 0.311308
vt 0.270438 0.292053
vt 0.270359 0.307956
vt 0.930273 0.325960
vt 0.838790 0.325960
vt 0.839763 0.329139
vt 0.929300 0.329139
vt 0.779424 0.313245
vt 0.813486 0.325960
vt 0.779424 0.329139
vt 0.812513 0.329139
vt 0.993532 0.329139
vt 0.993532 0.313245
vt 0.954603 0.325960
vt 0.955576 0.329139
vt 0.753510 0.329139
vt 0.753510 0.313245
vt 0.996284 0.313245
vt 0.996284 0.329139
vt 0.551785 0.328022
vt 0.552793 0.324859
vt 0.459591 0.323166
vt 0.460567 0.326364
vt 0.395128 0.325175
vt 0.433797 0.325878
vt 0.434804 0.322715
vt 0.395207 0.309272
vt 0.613337 0.313236
vt 0.578572 0.325328
vt 0.613258 0.329139
vt 0.579547 0.328526
vt 0.635425 0.309272
vt 0.635346 0.325175
vt 0.204426 0.328609
vt 0.112944 0.328609
vt 0.113917 0.331788
vt 0.203453 0.331788
vt 0.053577 0.315894
vt 0.087640 0.328609
vt 0.053577 0.331788
vt 0.086667 0.331788
vt 0.267685 0.331788
vt 0.267685 0.315894
vt 0.228757 0.328609
vt 0.229730 0.331788
vt 0.027663 0.331788
vt 0.027663 0.315894
vt 0.270438 0.315894
vt 0.270438 0.331788
vt 0.158558 0.776177
vt 0.249935 0.776177
vt 0.309230 0.763576
vt 0.275208 0.776177
vt 0.309230 0.779327
vt 0.276180 0.779327
vt 0.248963 0.779327
vt 0.159530 0.779327
vt 0.095376 0.779326
vt 0.133285 0.779326
vt 0.134257 0.776177
vt 0.095376 0.763576
vt 0.335673 0.763576
vt 0.335673 0.779327
vt 0.249935 0.821854
vt 0.275208 0.821854
vt 0.134257 0.821853
vt 0.158558 0.821853
vt 0.561156 0.345828
vt 0.469674 0.345828
vt 0.470647 0.349006
vt 0.560183 0.349006
vt 0.410307 0.333113
vt 0.444370 0.345828
vt 0.410307 0.349007
vt 0.443397 0.349007
vt 0.624415 0.349006
vt 0.624415 0.333113
vt 0.585487 0.345828
vt 0.586460 0.349006
vt 0.384393 0.349007
vt 0.384393 0.333113
vt 0.627168 0.333113
vt 0.627168 0.349006
vt 0.906864 0.354512
vt 0.907871 0.351349
vt 0.814670 0.349656
vt 0.815645 0.352854
vt 0.750206 0.351665
vt 0.788875 0.352367
vt 0.789882 0.349205
vt 0.750285 0.335762
vt 0.968416 0.339726
vt 0.933650 0.351818
vt 0.968337 0.355629
vt 0.934626 0.355016
vt 0.990504 0.335762
vt 0.990425 0.351665
vt 0.754102 0.204238
vt 0.661843 0.204832
vt 0.662819 0.201660
vt 0.753115 0.201079
vt 0.601995 0.217881
vt 0.636325 0.204996
vt 0.601968 0.202051
vt 0.635338 0.201837
vt 0.817892 0.200662
vt 0.817919 0.216492
vt 0.778638 0.204081
vt 0.779614 0.200908
vt 0.580099 0.200662
vt 0.580126 0.216492
vt 0.212397 0.354512
vt 0.213404 0.351349
vt 0.120202 0.349656
vt 0.121178 0.352854
vt 0.055739 0.351665
vt 0.094408 0.352367
vt 0.095415 0.349205
vt 0.055818 0.335762
vt 0.273948 0.339726
vt 0.239183 0.351818
vt 0.273869 0.355629
vt 0.240158 0.355016
vt 0.296036 0.335762
vt 0.295958 0.351665
vt 0.567016 0.278278
vt 0.475643 0.278278
vt 0.476615 0.281457
vt 0.566044 0.281456
vt 0.416347 0.265563
vt 0.450369 0.278278
vt 0.416347 0.281457
vt 0.449397 0.281457
vt 0.630199 0.281457
vt 0.630199 0.265563
vt 0.591317 0.278278
vt 0.592289 0.281457
vt 0.390999 0.281457
vt 0.390999 0.265563
vt 0.632948 0.265563
vt 0.632948 0.281457
vt 0.590596 0.373055
vt 0.591604 0.369892
vt 0.498402 0.368199
vt 0.499378 0.371397
vt 0.433939 0.370208
vt 0.472608 0.370910
vt 0.473615 0.367748
vt 0.434018 0.354305
vt 0.652148 0.358269
vt 0.617383 0.370361
vt 0.652069 0.374172
vt 0.618358 0.373559
vt 0.674236 0.354305
vt 0.674157 0.370208
vt 0.224787 0.209536
vt 0.132529 0.210130
vt 0.133504 0.206958
vt 0.223800 0.206377
vt 0.072681 0.223179
vt 0.107010 0.210294
vt 0.072654 0.207349
vt 0.106024 0.207135
vt 0.288577 0.205960
vt 0.288604 0.221790
vt 0.249324 0.209379
vt 0.250300 0.206207
vt 0.050784 0.205960
vt 0.050812 0.221790
vt 0.361696 0.414633
vt 0.453073 0.414634
vt 0.512368 0.401987
vt 0.478346 0.414634
vt 0.512368 0.417795
vt 0.479318 0.417795
vt 0.452101 0.417795
vt 0.362668 0.417795
vt 0.298514 0.417795
vt 0.336423 0.417795
vt 0.337395 0.414633
vt 0.298514 0.401987
vt 0.538811 0.401987
vt 0.538811 0.417795
vt 0.453073 0.450993
vt 0.478346 0.450993
vt 0.337395 0.450993
vt 0.361696 0.450993
vt 0.571608 0.225430
vt 0.479349 0.226024
vt 0.480325 0.222852
vt 0.570621 0.222271
vt 0.419502 0.239073
vt 0.453831 0.226188
vt 0.419474 0.223243
vt 0.452844 0.223029
vt 0.635398 0.221854
vt 0.635425 0.237684
vt 0.596145 0.225273
vt 0.597120 0.222101
vt 0.397605 0.221854
vt 0.397633 0.237684
vt 0.910993 0.379678
vt 0.912000 0.376515
vt 0.818799 0.374821
vt 0.819774 0.378020
vt 0.754335 0.376830
vt 0.793004 0.377533
vt 0.794011 0.374371
vt 0.754414 0.360927
vt 0.972544 0.364891
vt 0.937779 0.376984
vt 0.972466 0.380795
vt 0.938755 0.380182
vt 0.994633 0.360927
vt 0.994554 0.376830
vt 0.837504 0.226755
vt 0.745245 0.227348
vt 0.746221 0.224176
vt 0.836517 0.223596
vt 0.685398 0.240397
vt 0.719727 0.227513
vt 0.685370 0.224568
vt 0.718740 0.224353
vt 0.901294 0.223179
vt 0.901321 0.239008
vt 0.862040 0.226597
vt 0.863016 0.223425
vt 0.663501 0.223179
vt 0.663529 0.239008
vt 0.175668 0.402409
vt 0.176668 0.399147
vt 0.083884 0.397779
vt 0.084858 0.401070
vt 0.019712 0.400109
vt 0.058208 0.400677
vt 0.059208 0.397415
vt 0.019776 0.383726
vt 0.236930 0.386929
vt 0.202332 0.399526
vt 0.236866 0.403311
vt 0.203306 0.402816
vt 0.017754 0.399826
vt 0.017818 0.383444
vt 0.258877 0.383444
vt 0.258813 0.399826
vt 0.185150 0.233377
vt 0.092892 0.233971
vt 0.093868 0.230799
vt 0.184163 0.230218
vt 0.033044 0.247020
vt 0.067374 0.234135
vt 0.033017 0.231190
vt 0.066387 0.230976
vt 0.248941 0.229801
vt 0.248968 0.245631
vt 0.209687 0.233220
vt 0.210663 0.230048
vt 0.011148 0.229801
vt 0.011175 0.245631
vt 0.265245 0.378353
vt 0.266253 0.375190
vt 0.173051 0.373497
vt 0.174027 0.376695
vt 0.108588 0.375506
vt 0.147257 0.376208
vt 0.148264 0.373046
vt 0.108667 0.359603
vt 0.326797 0.363567
vt 0.292032 0.375659
vt 0.326718 0.379470
vt 0.293007 0.378857
vt 0.348885 0.359603
vt 0.348806 0.375506
vt 0.039243 0.250993
vt 0.098539 0.263709
vt 0.189913 0.263709
vt 0.099511 0.266887
vt 0.188941 0.266887
vt 0.073265 0.263709
vt 0.039243 0.266887
vt 0.072293 0.266887
vt 0.253097 0.266887
vt 0.253097 0.250993
vt 0.214215 0.263709
vt 0.215187 0.266887
vt 0.012799 0.266887
vt 0.012799 0.250993
vt 0.525361 0.395571
vt 0.526368 0.392409
vt 0.433167 0.390715
vt 0.434143 0.393914
vt 0.368704 0.392724
vt 0.407372 0.393427
vt 0.408379 0.390265
vt 0.368782 0.376821
vt 0.586913 0.380786
vt 0.552147 0.392878
vt 0.586834 0.396689
vt 0.553123 0.396076
vt 0.609001 0.376821
vt 0.608922 0.392724
vt 0.511327 0.246622
vt 0.419069 0.247216
vt 0.420045 0.244044
vt 0.510340 0.243463
vt 0.359221 0.260265
vt 0.393550 0.247380
vt 0.359194 0.244435
vt 0.392564 0.244221
vt 0.575117 0.243046
vt 0.575145 0.258876
vt 0.535864 0.246465
vt 0.536840 0.243293
vt 0.337325 0.243046
vt 0.337352 0.258876
vt 0.773090 0.402194
vt 0.774097 0.399032
vt 0.680896 0.397338
vt 0.681872 0.400536
vt 0.616433 0.399347
vt 0.655101 0.400050
vt 0.656108 0.396887
vt 0.616512 0.383444
vt 0.834642 0.387408
vt 0.799876 0.399500
vt 0.834563 0.403311
vt 0.800852 0.402699
vt 0.856730 0.383444
vt 0.856651 0.399347
vt 0.085467 0.813907
vt 0.085467 0.772848
vt 0.054088 0.772848
vt 0.054088 0.813907
vt 0.220066 0.054967
vt 0.220066 0.013907
vt 0.189513 0.013907
vt 0.189513 0.054967
vt 0.703138 0.680132
vt 0.703138 0.640397
vt 0.671759 0.640397
vt 0.671759 0.680132
vt 0.238233 0.154305
vt 0.263832 0.154305
vt 0.263832 0.201987
vt 0.238233 0.201987
vt 0.366226 0.497351
vt 0.366226 0.457616
vt 0.335673 0.457616
vt 0.335673 0.497351
vt 0.431462 0.583444
vt 0.457060 0.583444
vt 0.457060 0.629801
vt 0.431462 0.629801
vt 0.127581 0.192715
vt 0.127581 0.152980
vt 0.097853 0.152980
vt 0.097853 0.192715
vt 0.590834 0.443046
vt 0.590834 0.403311
vt 0.561932 0.403311
vt 0.561932 0.443046
vt 0.443022 0.054967
vt 0.443022 0.013907
vt 0.419075 0.013907
vt 0.419075 0.054967
vt 0.133361 0.070861
vt 0.133361 0.029801
vt 0.109414 0.029801
vt 0.109414 0.070861
vt 0.923617 0.164901
vt 0.948390 0.164901
vt 0.948390 0.203311
vt 0.923617 0.203311
vt 0.362923 0.587417
vt 0.387696 0.587417
vt 0.387696 0.625828
vt 0.362923 0.625828
vt 0.495045 0.004636
vt 0.520644 0.004636
vt 0.520644 0.041722
vt 0.495045 0.041722
vt 0.338976 0.780795
vt 0.364575 0.780795
vt 0.364575 0.817881
vt 0.338976 0.817881
vt 0.972337 0.603311
vt 0.997110 0.603311
vt 0.997110 0.640397
vt 0.972337 0.640397
vt 0.645334 0.310596
vt 0.670107 0.310596
vt 0.670107 0.347682
vt 0.645334 0.347682
vt 0.689926 0.062914
vt 0.689926 0.021854
vt 0.668456 0.021854
vt 0.668456 0.062914
vt 0.399257 0.587417
vt 0.424030 0.587417
vt 0.424030 0.621854
vt 0.399257 0.621854
vt 0.742775 0.007285
vt 0.768373 0.007285
vt 0.768373 0.040397
vt 0.742775 0.040397
vt 0.065648 0.101324
vt 0.090421 0.101324
vt 0.090421 0.134437
vt 0.065648 0.134437
vt 0.459538 0.007285
vt 0.485136 0.007285
vt 0.485136 0.037748
vt 0.459538 0.037748
vt 0.472750 0.599338
vt 0.497523 0.599338
vt 0.497523 0.629801
vt 0.472750 0.629801
vt 0.347234 0.047020
vt 0.347234 0.005960
vt 0.329067 0.005960
vt 0.329067 0.047020
vt 0.529728 0.421854
vt 0.554500 0.421854
vt 0.554500 0.450993
vt 0.529728 0.450993
vt 0.387696 0.440397
vt 0.421239 0.440397
vt 0.421239 0.424503
vt 0.387696 0.424503
vt 0.424030 0.424503
vt 0.424030 0.440397
vt 0.024360 0.301827
vt 0.024360 0.355629
vt 0.014451 0.355629
vt 0.014451 0.301827
vt 0.024360 0.297351
vt 0.014451 0.297351
vt 0.103320 0.363576
vt 0.069777 0.363576
vt 0.069777 0.379470
vt 0.103320 0.379470
vt 0.106111 0.363576
vt 0.106111 0.379470
vt 0.278161 0.227152
vt 0.311435 0.227152
vt 0.311435 0.243046
vt 0.278160 0.243046
vt 0.275392 0.227152
vt 0.275392 0.243046
vt 0.314203 0.243046
vt 0.314203 0.227152
vt 0.612013 0.545033
vt 0.578739 0.545033
vt 0.578739 0.529139
vt 0.612013 0.529139
vt 0.575970 0.529139
vt 0.575970 0.545033
vt 0.614781 0.545033
vt 0.614781 0.529139
vt 0.960776 0.058474
vt 0.960776 0.005102
vt 0.970685 0.005102
vt 0.970685 0.058474
vt 0.960776 0.062914
vt 0.970685 0.062914
vt 0.970685 0.000662
vt 0.960776 0.000662
vt 0.492568 0.123841
vt 0.492568 0.070039
vt 0.502477 0.070039
vt 0.502477 0.123841
vt 0.502477 0.065563
vt 0.492568 0.065563
vt 0.184849 0.809934
vt 0.218124 0.809934
vt 0.218124 0.794040
vt 0.184849 0.794040
vt 0.182081 0.809934
vt 0.182081 0.794040
vt 0.220892 0.794040
vt 0.220892 0.809934
vt 0.711930 0.000662
vt 0.678656 0.000662
vt 0.678656 0.016556
vt 0.711930 0.016556
vt 0.714699 0.000662
vt 0.714698 0.016556
vt 0.675888 0.016556
vt 0.675888 0.000662
vt 0.698474 0.052318
vt 0.731749 0.052318
vt 0.731749 0.036424
vt 0.698474 0.036424
vt 0.695706 0.052318
vt 0.695706 0.036424
vt 0.734517 0.036424
vt 0.734517 0.052318
vt 0.384393 0.322014
vt 0.384393 0.268212
vt 0.374484 0.268212
vt 0.374484 0.322014
vt 0.384393 0.326490
vt 0.374484 0.326490
vt 0.363225 0.049669
vt 0.395652 0.049669
vt 0.395652 0.033775
vt 0.363225 0.033775
vt 0.398431 0.033775
vt 0.398431 0.049669
vt 0.360446 0.049669
vt 0.360446 0.033775
vt 0.915685 0.482781
vt 0.948390 0.482781
vt 0.948390 0.466887
vt 0.915685 0.466887
vt 0.912882 0.482781
vt 0.912882 0.466887
vt 0.629645 0.482297
vt 0.629645 0.430286
vt 0.619736 0.430286
vt 0.619736 0.482297
vt 0.619736 0.425828
vt 0.629645 0.425828
vt 0.629645 0.486755
vt 0.619736 0.486755
vt 0.540986 0.621854
vt 0.508559 0.621854
vt 0.508559 0.605960
vt 0.540986 0.605960
vt 0.505780 0.605960
vt 0.505780 0.621854
vt 0.543765 0.621854
vt 0.543765 0.605960
vt 0.986375 0.458940
vt 0.986375 0.406483
vt 0.996284 0.406483
vt 0.996284 0.458940
vt 0.996284 0.401987
vt 0.986375 0.401987
vt 0.642857 0.545033
vt 0.652766 0.545033
vt 0.652766 0.558278
vt 0.642857 0.558278
vt 0.386870 0.698676
vt 0.396780 0.698676
vt 0.396780 0.711920
vt 0.386870 0.711920
vt 0.438068 0.098675
vt 0.438068 0.082781
vt 0.429810 0.082781
vt 0.429810 0.098675
vt 0.322461 0.220530
vt 0.332370 0.220530
vt 0.332370 0.233775
vt 0.322461 0.233775
vt 0.364575 0.028477
vt 0.364575 0.012583
vt 0.372832 0.012583
vt 0.372832 0.028477
vt 0.113543 0.012583
vt 0.123452 0.012583
vt 0.123452 0.025828
vt 0.113543 0.025828
vt 0.700661 0.376821
vt 0.732040 0.376821
vt 0.732040 0.380795
vt 0.700661 0.380795
vt 0.891412 0.395364
vt 0.922791 0.395364
vt 0.922791 0.399338
vt 0.891412 0.399338
vt 0.050784 0.272185
vt 0.082163 0.272185
vt 0.082163 0.276159
vt 0.050784 0.276159
vt 0.004542 0.313245
vt 0.004542 0.262914
vt 0.002064 0.262914
vt 0.002064 0.313245
vt 0.360446 0.020530
vt 0.360446 0.004636
vt 0.353014 0.004636
vt 0.353014 0.020530
vt 0.152353 0.125166
vt 0.162263 0.125166
vt 0.162263 0.137086
vt 0.152353 0.137086
vt 0.481007 0.423179
vt 0.490917 0.423179
vt 0.490917 0.435099
vt 0.481007 0.435099
vt 0.997936 0.102649
vt 0.997936 0.086755
vt 0.990504 0.086755
vt 0.990504 0.102649
vt 0.051610 0.007285
vt 0.061519 0.007285
vt 0.061519 0.019205
vt 0.051610 0.019205
vt 0.384393 0.714570
vt 0.384393 0.698676
vt 0.376961 0.698676
vt 0.376961 0.714570
vt 0.418249 0.790066
vt 0.428159 0.790066
vt 0.428159 0.801987
vt 0.418249 0.801987
vt 0.760116 0.198013
vt 0.770025 0.198013
vt 0.770025 0.186093
vt 0.760116 0.186093
vt 0.102808 0.820530
vt 0.102808 0.804636
vt 0.110239 0.804636
vt 0.110239 0.820530
vt 0.236581 0.431126
vt 0.246491 0.431126
vt 0.246491 0.443046
vt 0.236581 0.443046
vt 0.631296 0.021854
vt 0.661850 0.021854
vt 0.661850 0.025828
vt 0.631296 0.025828
vt 0.012799 0.436424
vt 0.012799 0.387417
vt 0.010322 0.387417
vt 0.010322 0.436424
vt 0.579273 0.004636
vt 0.609827 0.004636
vt 0.609827 0.008609
vt 0.579273 0.008609
vt 0.580099 0.447020
vt 0.610652 0.447020
vt 0.610652 0.450993
vt 0.580099 0.450993
vt 0.896367 0.490728
vt 0.926094 0.490728
vt 0.926094 0.494702
vt 0.896367 0.494702
vt 0.572667 0.184768
vt 0.602395 0.184768
vt 0.602395 0.188742
vt 0.572667 0.188742
vt 0.907102 0.249669
vt 0.936829 0.249669
vt 0.936829 0.253642
vt 0.907102 0.253642
vt 0.024360 0.374172
vt 0.054088 0.374172
vt 0.054088 0.378146
vt 0.024360 0.378146
vt 0.264657 0.383444
vt 0.293559 0.383444
vt 0.293559 0.387417
vt 0.264657 0.387417
vt 0.639554 0.486755
vt 0.639554 0.440397
vt 0.637077 0.440397
vt 0.637077 0.486755
vt 0.333196 0.506623
vt 0.362097 0.506623
vt 0.362097 0.510596
vt 0.333196 0.510596
vt 0.681668 0.294702
vt 0.710570 0.294702
vt 0.710570 0.298675
vt 0.681668 0.298675
vt 0.013625 0.609934
vt 0.013625 0.563576
vt 0.011148 0.563576
vt 0.011148 0.609934
vt 0.673410 0.809934
vt 0.673410 0.763576
vt 0.670933 0.763576
vt 0.670933 0.809934
vt 0.960776 0.673510
vt 0.989678 0.673510
vt 0.989678 0.677483
vt 0.960776 0.677483
vt 0.955822 0.469536
vt 0.984723 0.469536
vt 0.984723 0.473510
vt 0.955822 0.473510
vt 0.657721 0.188742
vt 0.657721 0.150331
vt 0.655244 0.150331
vt 0.655244 0.188742
vt 0.370355 0.188742
vt 0.394302 0.188742
vt 0.394302 0.192715
vt 0.370355 0.192715
vt 0.584228 0.559603
vt 0.608175 0.559603
vt 0.608175 0.563576
vt 0.584228 0.563576
vt 0.389348 0.352980
vt 0.413295 0.352980
vt 0.413295 0.356954
vt 0.389348 0.356954
vt 0.807184 0.156954
vt 0.807184 0.118543
vt 0.804707 0.118543
vt 0.804707 0.156954
vt 0.575145 0.019205
vt 0.599092 0.019205
vt 0.599092 0.023179
vt 0.575145 0.023179
vt 0.926094 0.498676
vt 0.950041 0.498676
vt 0.950041 0.502649
vt 0.926094 0.502649
vt 0.496697 0.049669
vt 0.520644 0.049669
vt 0.520644 0.053642
vt 0.496697 0.053642
vt 0.603220 0.405960
vt 0.626342 0.405960
vt 0.626342 0.409934
vt 0.603220 0.409934
vt 0.007845 0.665563
vt 0.007845 0.628477
vt 0.005367 0.628477
vt 0.005367 0.665563
vt 0.834434 0.077483
vt 0.834434 0.040397
vt 0.831957 0.040397
vt 0.831957 0.077483
vt 0.983898 0.049669
vt 0.983898 0.012583
vt 0.981420 0.012583
vt 0.981420 0.049669
vt 0.481007 0.443046
vt 0.504129 0.443046
vt 0.504129 0.447020
vt 0.481007 0.447020
vt 0.318332 0.696027
vt 0.318332 0.658940
vt 0.315855 0.658940
vt 0.315855 0.696027
vt 0.973163 0.831126
vt 0.996284 0.831126
vt 0.996284 0.835099
vt 0.973163 0.835099
vt 0.283650 0.317219
vt 0.306771 0.317219
vt 0.306771 0.321192
vt 0.283650 0.321192
vt 0.618084 0.244371
vt 0.641206 0.244371
vt 0.641206 0.248344
vt 0.618084 0.248344
vt 0.989678 0.056291
vt 0.989678 0.019205
vt 0.987201 0.019205
vt 0.987201 0.056291
vt 0.335673 0.274834
vt 0.358794 0.274834
vt 0.358794 0.278808
vt 0.335673 0.278808
vt 0.007845 0.804636
vt 0.007845 0.767550
vt 0.005367 0.767550
vt 0.005367 0.804636
vt 0.054913 0.676159
vt 0.054913 0.641722
vt 0.052436 0.641722
vt 0.052436 0.676159
vt 0.919488 0.228477
vt 0.940958 0.228477
vt 0.940958 0.232450
vt 0.919488 0.232450
vt 0.657721 0.269536
vt 0.679191 0.269536
vt 0.679191 0.273510
vt 0.657721 0.273510
vt 0.954996 0.657616
vt 0.976466 0.657616
vt 0.976466 0.661589
vt 0.954996 0.661589
vt 0.353840 0.627152
vt 0.353840 0.594040
vt 0.351362 0.594040
vt 0.351362 0.627152
vt 0.329893 0.485430
vt 0.329893 0.452318
vt 0.327415 0.452318
vt 0.327415 0.485430
vt 0.013625 0.816556
vt 0.013625 0.783444
vt 0.011148 0.783444
vt 0.011148 0.816556
vt 0.966557 0.069536
vt 0.987201 0.069536
vt 0.987201 0.073510
vt 0.966557 0.073510
vt 0.267960 0.398013
vt 0.286953 0.398013
vt 0.286953 0.401987
vt 0.267960 0.401987
vt 0.604872 0.191391
vt 0.623865 0.191391
vt 0.623865 0.195364
vt 0.604872 0.195364
vt 0.100330 0.066887
vt 0.100330 0.036424
vt 0.097853 0.036424
vt 0.097853 0.066887
vt 0.492568 0.591391
vt 0.511561 0.591391
vt 0.511561 0.595364
vt 0.492568 0.595364
vt 0.890586 0.515894
vt 0.890586 0.486755
vt 0.888109 0.486755
vt 0.888109 0.515894
vt 0.267960 0.258940
vt 0.267960 0.229801
vt 0.265483 0.229801
vt 0.265483 0.258940
vt 0.719653 0.011258
vt 0.737820 0.011258
vt 0.737820 0.015232
vt 0.719653 0.015232
vt 0.604872 0.416556
vt 0.623039 0.416556
vt 0.623039 0.420530
vt 0.604872 0.420530
vt 0.979769 0.574553
vt 0.985070 0.571523
vt 0.985156 0.574475
vt 0.980464 0.577742
vt 0.989163 0.576725
vt 0.989678 0.573388
vt 0.985505 0.582165
vt 0.980663 0.585819
vt 0.989678 0.584836
vt 0.985803 0.588742
vt 0.612304 0.557616
vt 0.617503 0.559425
vt 0.617895 0.556114
vt 0.612696 0.554305
vt 0.622213 0.557616
vt 0.621821 0.560927
vt 0.037572 0.210596
vt 0.042772 0.212405
vt 0.043164 0.209094
vt 0.037964 0.207285
vt 0.047481 0.210596
vt 0.047089 0.213907
vt 0.014214 0.496027
vt 0.016102 0.487523
vt 0.014262 0.487385
vt 0.012226 0.494912
vt 0.012859 0.480958
vt 0.014940 0.480132
vt 0.009468 0.486826
vt 0.007190 0.494592
vt 0.007803 0.480132
vt 0.005367 0.486348
vt 0.008671 0.694113
vt 0.004542 0.697351
vt 0.004542 0.689231
vt 0.000413 0.694113
vt 0.000413 0.686019
vt 0.008671 0.686019
vt 0.004542 0.682781
vt 0.359728 0.073509
vt 0.354666 0.073510
vt 0.356684 0.080132
vt 0.356684 0.066887
vt 0.361731 0.080132
vt 0.361731 0.066887
vt 0.363749 0.073509
vt 0.579277 0.108058
vt 0.584060 0.108570
vt 0.582655 0.102138
vt 0.582129 0.114644
vt 0.577583 0.101324
vt 0.577035 0.114369
vt 0.575145 0.107615
vt 0.585879 0.108764
vt 0.584740 0.101324
vt 0.584128 0.115894
vt 0.052544 0.686754
vt 0.047481 0.686755
vt 0.049500 0.693377
vt 0.049500 0.680132
vt 0.054546 0.693377
vt 0.054546 0.680132
vt 0.056565 0.686754
vt 0.645701 0.229801
vt 0.643683 0.236424
vt 0.648745 0.236424
vt 0.645701 0.243046
vt 0.650748 0.229801
vt 0.650748 0.243046
vt 0.652766 0.236424
vt 0.657829 0.011259
vt 0.652766 0.011259
vt 0.654785 0.017881
vt 0.654785 0.004636
vt 0.659831 0.004636
vt 0.659831 0.017881
vt 0.661850 0.011259
vt 0.570557 0.199338
vt 0.568538 0.205960
vt 0.573601 0.205960
vt 0.570557 0.212583
vt 0.575603 0.212583
vt 0.575603 0.199338
vt 0.577622 0.205960
vt 0.994246 0.485561
vt 0.996157 0.479439
vt 0.991349 0.478958
vt 0.994779 0.472937
vt 0.989624 0.472185
vt 0.989062 0.485382
vt 0.987201 0.478531
vt 0.997936 0.479629
vt 0.996876 0.472185
vt 0.996255 0.486755
vt 0.939306 0.773021
vt 0.939306 0.764901
vt 0.943435 0.768139
vt 0.935178 0.768139
vt 0.943435 0.776233
vt 0.935178 0.776233
vt 0.939306 0.779470
vt 0.281104 0.303968
vt 0.280784 0.296296
vt 0.284794 0.298550
vt 0.276998 0.299394
vt 0.285301 0.306684
vt 0.277169 0.307564
vt 0.281379 0.310596
vt 0.280663 0.293377
vt 0.285301 0.295205
vt 0.276218 0.296188
vt 0.861688 0.008720
vt 0.866471 0.009232
vt 0.865066 0.002800
vt 0.864540 0.015306
vt 0.859995 0.001987
vt 0.859446 0.015031
vt 0.857556 0.008278
vt 0.868291 0.009427
vt 0.867151 0.001987
vt 0.866539 0.016556
vt 0.894823 0.007284
vt 0.889761 0.007284
vt 0.891779 0.013907
vt 0.891779 0.000662
vt 0.896825 0.013907
vt 0.896825 0.000662
vt 0.898844 0.007284
vt 0.022709 0.857027
vt 0.018579 0.860265
vt 0.018579 0.852145
vt 0.014451 0.857027
vt 0.022709 0.848933
vt 0.014451 0.848933
vt 0.018579 0.845695
vt 0.552027 0.407395
vt 0.556810 0.407907
vt 0.555404 0.401475
vt 0.554878 0.413981
vt 0.549785 0.413706
vt 0.550333 0.400662
vt 0.547894 0.406952
vt 0.558629 0.408101
vt 0.557490 0.400662
vt 0.556877 0.415232
vt 0.225846 0.078219
vt 0.221718 0.081457
vt 0.221718 0.073337
vt 0.217589 0.078219
vt 0.217589 0.070125
vt 0.225846 0.070125
vt 0.221718 0.066887
vt 0.009496 0.356364
vt 0.005368 0.359603
vt 0.005368 0.351483
vt 0.001239 0.356364
vt 0.001239 0.348271
vt 0.009496 0.348271
vt 0.005368 0.345033
vt 0.001210 0.914570
vt 0.006193 0.917881
vt 0.005396 0.921192
vt 0.000413 0.917881
vt 0.008671 0.600708
vt 0.006606 0.592715
vt 0.004542 0.593994
vt 0.006606 0.601987
vt 0.037572 0.596734
vt 0.035508 0.588742
vt 0.033443 0.590021
vt 0.035508 0.598013
vt 0.950013 0.959603
vt 0.954996 0.962914
vt 0.954198 0.966225
vt 0.949216 0.962914
vt 0.973960 0.404636
vt 0.978943 0.407947
vt 0.978145 0.411258
vt 0.973163 0.407947
vt 0.806358 0.104019
vt 0.804294 0.096026
vt 0.802230 0.097306
vt 0.804294 0.105298
vt 0.059042 0.364946
vt 0.056978 0.356954
vt 0.054913 0.358233
vt 0.056978 0.366225
vt 0.743572 0.745033
vt 0.748555 0.748344
vt 0.747757 0.751656
vt 0.742775 0.748344
vt 0.656069 0.115939
vt 0.654005 0.107947
vt 0.651941 0.109226
vt 0.654005 0.117219
vt 0.395128 0.615277
vt 0.393064 0.607285
vt 0.390999 0.608564
vt 0.393064 0.616556
vt 0.981392 0.107947
vt 0.986375 0.111258
vt 0.985577 0.114570
vt 0.980595 0.111258
vt 0.284476 0.432496
vt 0.282411 0.424503
vt 0.280347 0.425783
vt 0.282411 0.433775
vt 0.399257 0.293423
vt 0.397192 0.285430
vt 0.395128 0.286710
vt 0.397192 0.294702
vt 0.819542 0.433775
vt 0.824525 0.437086
vt 0.823728 0.440397
vt 0.818745 0.437086
vt 0.068951 0.008655
vt 0.066887 0.000662
vt 0.064822 0.001941
vt 0.066887 0.009934
vt 0.915359 0.105343
vt 0.913295 0.097351
vt 0.911230 0.098630
vt 0.913295 0.106623
vt 0.566033 0.102649
vt 0.571016 0.105960
vt 0.570218 0.109272
vt 0.565235 0.105960
vt 0.300165 0.820575
vt 0.298101 0.812583
vt 0.296036 0.813862
vt 0.298101 0.821854
vt 0.617230 0.004636
vt 0.622213 0.007947
vt 0.621415 0.011258
vt 0.616433 0.007947
vt 0.985549 0.102694
vt 0.983485 0.094702
vt 0.981420 0.095981
vt 0.983485 0.103974
vt 0.689100 0.811303
vt 0.687036 0.803311
vt 0.684971 0.804591
vt 0.687036 0.812583
vt 0.823699 0.196734
vt 0.821635 0.188742
vt 0.819571 0.190021
vt 0.821635 0.198013
vt 0.745224 0.044371
vt 0.750206 0.047682
vt 0.749409 0.050993
vt 0.744426 0.047682
vt 0.762593 0.440442
vt 0.760529 0.432450
vt 0.758464 0.433730
vt 0.760529 0.441722
vt 0.588329 0.549007
vt 0.593311 0.552318
vt 0.592514 0.555629
vt 0.587531 0.552318
vt 0.954996 0.184813
vt 0.952931 0.176821
vt 0.950867 0.178101
vt 0.952931 0.186093
vt 0.040875 0.554350
vt 0.038811 0.546358
vt 0.036746 0.547637
vt 0.038811 0.555629
vt 0.656895 0.101370
vt 0.654831 0.093377
vt 0.652766 0.094657
vt 0.654831 0.102649
vt 0.551995 0.070861
vt 0.556978 0.074172
vt 0.556180 0.077483
vt 0.551197 0.074172
vt 0.875723 0.627197
vt 0.873658 0.619205
vt 0.871594 0.620485
vt 0.873658 0.628477
vt 0.045830 0.609979
vt 0.043765 0.601987
vt 0.041701 0.603266
vt 0.043765 0.611258
vt 0.286925 0.803311
vt 0.291908 0.806623
vt 0.291110 0.809934
vt 0.286127 0.806623
vt 0.310872 0.384768
vt 0.315855 0.388079
vt 0.315057 0.391391
vt 0.310074 0.388079
vt 0.935975 0.207285
vt 0.940958 0.210596
vt 0.940160 0.213907
vt 0.935178 0.210596
vt 0.006193 0.213952
vt 0.004129 0.205960
vt 0.002064 0.207240
vt 0.004129 0.215232
vt 0.215083 0.131788
vt 0.220066 0.135099
vt 0.219268 0.138411
vt 0.214286 0.135099
vt 0.986375 0.004636
vt 0.990916 0.004636
vt 0.990916 0.000662
vt 0.986375 0.000662
vt 0.995458 0.000662
vt 0.995458 0.004636
vt 0.256400 0.241722
vt 0.256400 0.234437
vt 0.258877 0.234437
vt 0.258877 0.241722
vt 0.258877 0.227152
vt 0.256400 0.227152
vt 0.974814 0.305298
vt 0.974814 0.298013
vt 0.977292 0.298013
vt 0.977292 0.305298
vt 0.977292 0.290728
vt 0.974814 0.290728
vt 0.924443 0.265563
vt 0.928984 0.265563
vt 0.928984 0.261589
vt 0.924443 0.261589
vt 0.933526 0.261589
vt 0.933526 0.265563
vt 0.317506 0.265563
vt 0.322048 0.265563
vt 0.322048 0.261589
vt 0.317506 0.261589
vt 0.326590 0.261589
vt 0.326590 0.265563
vt 0.977292 0.894702
vt 0.981833 0.894702
vt 0.981833 0.890728
vt 0.977292 0.890728
vt 0.986375 0.890728
vt 0.986375 0.894702
vt 0.383567 0.229801
vt 0.379025 0.229801
vt 0.379025 0.233775
vt 0.383567 0.233775
vt 0.374484 0.233775
vt 0.374484 0.229801
vt 0.466969 0.123841
vt 0.471511 0.123841
vt 0.471511 0.119868
vt 0.466969 0.119868
vt 0.476053 0.119868
vt 0.476053 0.123841
vt 0.331544 0.060265
vt 0.336086 0.060265
vt 0.336086 0.056291
vt 0.331544 0.056291
vt 0.340628 0.056291
vt 0.340628 0.060265
vt 0.619736 0.515894
vt 0.619736 0.523179
vt 0.617258 0.523179
vt 0.617258 0.515894
vt 0.617258 0.530464
vt 0.619736 0.530464
vt 0.597440 0.433775
vt 0.601982 0.433775
vt 0.601982 0.429801
vt 0.597440 0.429801
vt 0.606524 0.429801
vt 0.606524 0.433775
vt 0.021057 0.370199
vt 0.025598 0.370199
vt 0.025598 0.366225
vt 0.021057 0.366225
vt 0.030140 0.366225
vt 0.030140 0.370199
vt 0.282824 0.807285
vt 0.282824 0.814570
vt 0.280347 0.814570
vt 0.280347 0.807285
vt 0.280347 0.821854
vt 0.282824 0.821854
vt 0.086292 0.097351
vt 0.090834 0.097351
vt 0.090834 0.093377
vt 0.086292 0.093377
vt 0.095376 0.093377
vt 0.095376 0.097351
vt 0.646160 0.437748
vt 0.650702 0.437748
vt 0.650702 0.433775
vt 0.646160 0.433775
vt 0.655244 0.433775
vt 0.655244 0.437748
vt 0.921965 0.212583
vt 0.926507 0.212583
vt 0.926507 0.208609
vt 0.921965 0.208609
vt 0.931049 0.208609
vt 0.931049 0.212583
vt 0.428159 0.194040
vt 0.432700 0.194040
vt 0.432700 0.190066
vt 0.428159 0.190066
vt 0.437242 0.190066
vt 0.437242 0.194040
vt 0.681668 0.288710
vt 0.682700 0.281772
vt 0.684765 0.282466
vt 0.683732 0.289404
vt 0.685797 0.275528
vt 0.683732 0.274834
vt 0.562758 0.016556
vt 0.567300 0.016556
vt 0.567300 0.012583
vt 0.562758 0.012583
vt 0.571841 0.012583
vt 0.571841 0.016556
vt 0.488439 0.089404
vt 0.488439 0.096688
vt 0.485962 0.096688
vt 0.485962 0.089404
vt 0.485962 0.103974
vt 0.488439 0.103974
vt 0.651941 0.033775
vt 0.656482 0.033775
vt 0.656482 0.029801
vt 0.651941 0.029801
vt 0.661024 0.029801
vt 0.661024 0.033775
vt 0.266309 0.182119
vt 0.266309 0.174835
vt 0.268786 0.174835
vt 0.268786 0.182119
vt 0.268786 0.167550
vt 0.266309 0.167550
vt 0.126755 0.799338
vt 0.126755 0.792053
vt 0.129232 0.792053
vt 0.129232 0.799338
vt 0.129232 0.784768
vt 0.126755 0.784768
vt 0.906276 0.097351
vt 0.906276 0.104635
vt 0.903799 0.104635
vt 0.903799 0.097351
vt 0.903799 0.111921
vt 0.906276 0.111921
vt 0.823699 0.174172
vt 0.823699 0.166888
vt 0.826177 0.166888
vt 0.826177 0.174172
vt 0.826177 0.159603
vt 0.823699 0.159603
vt 0.398431 0.366225
vt 0.402973 0.366225
vt 0.402973 0.362252
vt 0.398431 0.362252
vt 0.407514 0.362252
vt 0.407514 0.366225
vt 0.415772 0.809934
vt 0.420314 0.809934
vt 0.420314 0.805960
vt 0.415772 0.805960
vt 0.424856 0.805960
vt 0.424856 0.809934
vt 0.985549 0.687932
vt 0.983531 0.696027
vt 0.978484 0.696027
vt 0.976466 0.687932
vt 0.983531 0.681457
vt 0.978484 0.681457
vt 0.885392 0.020530
vt 0.887283 0.012030
vt 0.885437 0.011888
vt 0.883400 0.019416
vt 0.884047 0.005451
vt 0.886134 0.004636
vt 0.881607 0.011430
vt 0.876548 0.010837
vt 0.878338 0.019069
vt 0.878964 0.004636
vt 0.961602 0.396026
vt 0.966802 0.397836
vt 0.967194 0.394524
vt 0.961994 0.392715
vt 0.971511 0.396026
vt 0.971119 0.399338
vt 0.978943 0.598059
vt 0.976879 0.590066
vt 0.974814 0.591345
vt 0.976879 0.599338
vt 0.364575 0.092098
vt 0.362510 0.084106
vt 0.360446 0.085385
vt 0.362510 0.093377
vt 0.037572 0.342384
vt 0.035554 0.349007
vt 0.028489 0.342384
vt 0.035554 0.335762
vt 0.030508 0.335762
vt 0.030508 0.349007
vt 0.515608 0.433071
vt 0.519425 0.430006
vt 0.519725 0.437716
vt 0.523478 0.432216
vt 0.515720 0.441385
vt 0.523947 0.440484
vt 0.519992 0.444371
vt 0.519307 0.427152
vt 0.523947 0.428852
vt 0.514864 0.429850
vt 0.421552 0.194085
vt 0.419488 0.186093
vt 0.417424 0.187372
vt 0.419488 0.195364
vt 0.916185 0.146403
vt 0.914121 0.138411
vt 0.912056 0.139690
vt 0.914121 0.147682
vt 0.694880 0.031126
vt 0.699422 0.031126
vt 0.699422 0.027152
vt 0.694880 0.027152
vt 0.703964 0.027152
vt 0.703964 0.031126
vt 0.362556 0.220530
vt 0.355491 0.227005
vt 0.357510 0.220530
vt 0.364575 0.227005
vt 0.362556 0.235099
vt 0.357510 0.235099
vt 0.943435 0.216556
vt 0.948849 0.216556
vt 0.948849 0.212583
vt 0.943435 0.212583
vt 0.953344 0.212583
vt 0.953344 0.216556
vt 0.415772 0.064623
vt 0.421071 0.061589
vt 0.421160 0.064551
vt 0.416466 0.067818
vt 0.425173 0.066780
vt 0.425681 0.063433
vt 0.421446 0.070694
vt 0.421815 0.078808
vt 0.416683 0.075937
vt 0.425681 0.074932
vt 0.039224 0.527860
vt 0.037159 0.519868
vt 0.035095 0.521147
vt 0.037159 0.529139
vt 0.144893 0.431126
vt 0.149876 0.434437
vt 0.149078 0.437748
vt 0.144096 0.434437
vt 0.297688 0.107211
vt 0.293559 0.118543
vt 0.297688 0.115306
vt 0.293559 0.103974
vt 0.289430 0.115306
vt 0.289430 0.107211
vt 0.938094 0.820661
vt 0.940005 0.814538
vt 0.935197 0.814057
vt 0.938627 0.808037
vt 0.932910 0.820482
vt 0.933472 0.807285
vt 0.931049 0.813629
vt 0.941784 0.814727
vt 0.940725 0.807285
vt 0.940102 0.821854
vt 0.690751 0.774217
vt 0.688687 0.766225
vt 0.686623 0.767504
vt 0.688687 0.775497
vt 0.379410 0.443046
vt 0.384393 0.446358
vt 0.383596 0.449669
vt 0.378613 0.446358
vt 0.313377 0.682781
vt 0.308835 0.682781
vt 0.308835 0.686755
vt 0.313377 0.686755
vt 0.304294 0.686755
vt 0.304294 0.682781
vt 0.983072 0.433774
vt 0.981053 0.440397
vt 0.976007 0.440397
vt 0.973988 0.433774
vt 0.981053 0.427152
vt 0.976007 0.427152
vt 0.815055 0.176952
vt 0.816966 0.170830
vt 0.812159 0.170349
vt 0.815588 0.164328
vt 0.810433 0.163576
vt 0.809871 0.176773
vt 0.808010 0.169922
vt 0.818745 0.171019
vt 0.817686 0.163576
vt 0.817064 0.178146
vt 0.976438 0.415232
vt 0.981420 0.418543
vt 0.980623 0.421854
vt 0.975640 0.418543
vt 0.826148 0.085430
vt 0.831131 0.088742
vt 0.830334 0.092053
vt 0.825351 0.088742
vt 0.852601 0.440397
vt 0.857143 0.440397
vt 0.857143 0.436424
vt 0.852601 0.436424
vt 0.861685 0.436424
vt 0.861684 0.440397
vt 0.973988 0.077483
vt 0.969860 0.080721
vt 0.969860 0.088816
vt 0.973988 0.092053
vt 0.978117 0.080721
vt 0.978117 0.088816
vt 0.561545 0.628608
vt 0.563456 0.622485
vt 0.558649 0.622004
vt 0.562079 0.615984
vt 0.556362 0.628429
vt 0.556924 0.615232
vt 0.554500 0.621576
vt 0.565235 0.622674
vt 0.564176 0.615232
vt 0.563554 0.629801
vt 0.397577 0.188742
vt 0.402560 0.192053
vt 0.401762 0.195364
vt 0.396780 0.192053
vt 0.550372 0.629847
vt 0.548307 0.621854
vt 0.546243 0.623134
vt 0.548307 0.631126
vt 0.002064 0.395364
vt 0.002064 0.388079
vt 0.004542 0.388079
vt 0.004542 0.395364
vt 0.004542 0.380795
vt 0.002064 0.380795
vt 0.305945 0.212582
vt 0.303927 0.219205
vt 0.298881 0.219205
vt 0.296862 0.212582
vt 0.303927 0.205960
vt 0.298881 0.205960
vt 0.819574 0.007396
vt 0.824357 0.007907
vt 0.822952 0.001475
vt 0.822426 0.013982
vt 0.817881 0.000662
vt 0.817332 0.013707
vt 0.815442 0.006953
vt 0.826177 0.008102
vt 0.825037 0.000662
vt 0.824425 0.015232
vt 0.418221 0.092053
vt 0.423204 0.095364
vt 0.422406 0.098675
vt 0.417424 0.095364
vt 0.830277 0.012583
vt 0.835260 0.015894
vt 0.834463 0.019205
vt 0.829480 0.015894
vt 0.410405 0.729139
vt 0.409372 0.722201
vt 0.411437 0.721507
vt 0.412469 0.728445
vt 0.410405 0.714570
vt 0.408340 0.715264
vt 0.363749 0.768875
vt 0.370814 0.762252
vt 0.372832 0.768875
vt 0.370814 0.775497
vt 0.365768 0.775497
vt 0.365768 0.762252
vt 0.003258 0.930464
vt 0.001239 0.937087
vt 0.006301 0.937087
vt 0.003258 0.943709
vt 0.008304 0.930464
vt 0.008304 0.943709
vt 0.010322 0.937087
vt 0.009496 0.334482
vt 0.007432 0.326490
vt 0.005367 0.327769
vt 0.007432 0.335762
vt 0.011974 0.371568
vt 0.009909 0.363576
vt 0.007845 0.364856
vt 0.009909 0.372848
vt 0.291908 0.396689
vt 0.296449 0.396689
vt 0.296449 0.392715
vt 0.291908 0.392715
vt 0.300991 0.392715
vt 0.300991 0.396689
vt 0.640380 0.284106
vt 0.644922 0.284106
vt 0.644922 0.280132
vt 0.640380 0.280132
vt 0.649463 0.280132
vt 0.649463 0.284106
vt 0.456235 0.013171
vt 0.452106 0.024503
vt 0.456235 0.021266
vt 0.452106 0.009934
vt 0.447977 0.021266
vt 0.447977 0.013171
vt 0.045761 0.798008
vt 0.045442 0.790336
vt 0.049452 0.792590
vt 0.041655 0.793433
vt 0.041826 0.801604
vt 0.049959 0.800724
vt 0.046037 0.804636
vt 0.045321 0.787417
vt 0.049959 0.789244
vt 0.040875 0.790227
vt 0.736168 0.709317
vt 0.734104 0.701324
vt 0.732040 0.702604
vt 0.734104 0.710596
vt 0.423176 0.298675
vt 0.428159 0.301987
vt 0.427361 0.305298
vt 0.422378 0.301987
vt 0.826177 0.203311
vt 0.826177 0.210596
vt 0.823699 0.210596
vt 0.823699 0.203311
vt 0.823699 0.217881
vt 0.826177 0.217881
vt 0.021057 0.216557
vt 0.019039 0.223179
vt 0.011974 0.216557
vt 0.019039 0.209934
vt 0.013993 0.209934
vt 0.013993 0.223179
vt 0.239888 0.799448
vt 0.244671 0.799960
vt 0.243265 0.793528
vt 0.242739 0.806034
vt 0.237646 0.805759
vt 0.238194 0.792715
vt 0.235756 0.799005
vt 0.246491 0.800154
vt 0.245351 0.792715
vt 0.244738 0.807285
vt 0.272915 0.455012
vt 0.270851 0.447020
vt 0.268786 0.448299
vt 0.270851 0.456291
vt 0.440517 0.003311
vt 0.445500 0.006622
vt 0.444702 0.009934
vt 0.439719 0.006622
vt 0.980595 0.117219
vt 0.980595 0.124504
vt 0.978117 0.124504
vt 0.978117 0.117219
vt 0.978117 0.131788
vt 0.980595 0.131788
vt 0.964905 0.892053
vt 0.960776 0.895290
vt 0.964905 0.906623
vt 0.969034 0.895290
vt 0.969034 0.903384
vt 0.960776 0.903384
vt 0.102726 0.789363
vt 0.106543 0.786297
vt 0.106843 0.794008
vt 0.110596 0.788508
vt 0.102838 0.797677
vt 0.111065 0.796775
vt 0.107110 0.800662
vt 0.106425 0.783444
vt 0.111065 0.785143
vt 0.101982 0.786141
vt 0.386016 0.021854
vt 0.390999 0.025166
vt 0.390202 0.028477
vt 0.385219 0.025166
vt 0.259703 0.260310
vt 0.257638 0.252318
vt 0.255574 0.253597
vt 0.257638 0.261589
vt 0.748555 0.433775
vt 0.744013 0.433775
vt 0.744013 0.437748
vt 0.748555 0.437748
vt 0.739472 0.437748
vt 0.739471 0.433775
vt 0.040050 0.658940
vt 0.035921 0.662178
vt 0.035921 0.670272
vt 0.040050 0.673510
vt 0.044178 0.662178
vt 0.044178 0.670272
vt 0.746834 0.725160
vt 0.746515 0.717488
vt 0.750525 0.719742
vt 0.742728 0.720585
vt 0.751032 0.727876
vt 0.742900 0.728756
vt 0.747110 0.731788
vt 0.746394 0.714570
vt 0.751032 0.716397
vt 0.741949 0.717379
vt 0.717148 0.290728
vt 0.722130 0.294040
vt 0.721333 0.297351
vt 0.716350 0.294040
vt 0.364575 0.114615
vt 0.362510 0.106623
vt 0.360446 0.107902
vt 0.362510 0.115894
vt 0.726259 0.025828
vt 0.730801 0.025828
vt 0.730801 0.021854
vt 0.726259 0.021854
vt 0.735343 0.021854
vt 0.735343 0.025828
vt 0.106936 0.007285
vt 0.102808 0.018617
vt 0.106936 0.021854
vt 0.111065 0.010522
vt 0.111065 0.018617
vt 0.102808 0.010522
vt 0.366226 0.390802
vt 0.362097 0.394040
vt 0.362097 0.385920
vt 0.357969 0.390802
vt 0.366226 0.382708
vt 0.357969 0.382708
vt 0.362097 0.379470
vt 0.253894 0.433775
vt 0.258877 0.437086
vt 0.258079 0.440397
vt 0.253097 0.437086
vt 0.035067 0.431126
vt 0.040050 0.434437
vt 0.039252 0.437748
vt 0.034269 0.434437
vt 0.512386 0.631126
vt 0.516928 0.631126
vt 0.516928 0.627152
vt 0.512386 0.627152
vt 0.521470 0.627152
vt 0.521470 0.631126
vt 0.342279 0.270861
vt 0.346821 0.270861
vt 0.346821 0.266887
vt 0.342279 0.266887
vt 0.351362 0.266887
vt 0.351362 0.270861
vt 0.416598 0.293377
vt 0.414579 0.300000
vt 0.407514 0.293377
vt 0.414579 0.286755
vt 0.409533 0.286755
vt 0.409533 0.300000
vt 0.026837 0.883517
vt 0.030966 0.886755
vt 0.030966 0.878635
vt 0.035095 0.883517
vt 0.035095 0.875423
vt 0.026837 0.875423
vt 0.030966 0.872185
vt 0.645306 0.011258
vt 0.650289 0.014570
vt 0.649491 0.017881
vt 0.644509 0.014570
vt 0.060694 0.441767
vt 0.058629 0.433775
vt 0.056565 0.435054
vt 0.058629 0.443046
vt 0.419075 0.004636
vt 0.414534 0.004636
vt 0.414534 0.008609
vt 0.419075 0.008609
vt 0.409992 0.008609
vt 0.409992 0.004636
vt 0.831131 0.435099
vt 0.835673 0.435099
vt 0.835673 0.431126
vt 0.831131 0.431126
vt 0.840215 0.431126
vt 0.840215 0.435099
vt 0.233278 0.803900
vt 0.229150 0.815232
vt 0.233278 0.811993
vt 0.229150 0.800662
vt 0.225021 0.803900
vt 0.225021 0.811993
vt 0.939225 0.792012
vt 0.943042 0.788946
vt 0.943342 0.796657
vt 0.947095 0.791157
vt 0.947564 0.799424
vt 0.939337 0.800326
vt 0.943608 0.803311
vt 0.942924 0.786093
vt 0.947564 0.787792
vt 0.938481 0.788790
vt 0.380264 0.028522
vt 0.378200 0.020530
vt 0.376135 0.021809
vt 0.378200 0.029801
vt 0.373658 0.511966
vt 0.371594 0.503973
vt 0.369529 0.505253
vt 0.371594 0.513245
vt 0.612304 0.260265
vt 0.616846 0.260265
vt 0.616846 0.256291
vt 0.612304 0.256291
vt 0.621387 0.256291
vt 0.621387 0.260265
vt 0.475227 0.588741
vt 0.482292 0.582119
vt 0.484310 0.588741
vt 0.477245 0.595364
vt 0.482292 0.595364
vt 0.477245 0.582119
vt 0.313381 0.812693
vt 0.318164 0.813205
vt 0.316759 0.806773
vt 0.316233 0.819280
vt 0.311687 0.805960
vt 0.311139 0.819005
vt 0.309249 0.812251
vt 0.319983 0.813400
vt 0.318844 0.805960
vt 0.318232 0.820530
vt 0.026837 0.286800
vt 0.024773 0.278808
vt 0.022709 0.280087
vt 0.024773 0.288079
vt 0.654418 0.060310
vt 0.652353 0.052318
vt 0.650289 0.053597
vt 0.652353 0.061589
vt 0.694054 0.688079
vt 0.698596 0.688079
vt 0.698596 0.684106
vt 0.694054 0.684106
vt 0.703138 0.684106
vt 0.703138 0.688079
vt 0.604872 0.247020
vt 0.600743 0.250257
vt 0.600743 0.258352
vt 0.604872 0.261589
vt 0.609001 0.250257
vt 0.609001 0.258352
vt 0.459538 0.615968
vt 0.463667 0.619205
vt 0.463667 0.611085
vt 0.467795 0.615968
vt 0.459538 0.607873
vt 0.467795 0.607873
vt 0.463667 0.604636
vt 0.011974 0.310641
vt 0.009909 0.302649
vt 0.007845 0.303928
vt 0.009909 0.311921
vt 0.278667 0.456291
vt 0.283650 0.459603
vt 0.282852 0.462914
vt 0.277870 0.459603
vt 0.014864 0.613907
vt 0.015896 0.620845
vt 0.013832 0.621539
vt 0.012799 0.614601
vt 0.014864 0.628477
vt 0.016928 0.627783
vt 0.122626 0.431126
vt 0.118084 0.431126
vt 0.118084 0.435099
vt 0.122626 0.435099
vt 0.113543 0.435099
vt 0.113543 0.431126
vt 0.909212 0.009934
vt 0.902147 0.016557
vt 0.904165 0.009934
vt 0.911230 0.016557
vt 0.904165 0.023179
vt 0.909212 0.023179
vt 0.416139 0.117219
vt 0.414121 0.110596
vt 0.419183 0.110596
vt 0.416139 0.103974
vt 0.421186 0.117219
vt 0.421186 0.103974
vt 0.423204 0.110596
vt 0.710570 0.664284
vt 0.708505 0.656291
vt 0.706441 0.657571
vt 0.708505 0.665563
vt 0.344756 0.772893
vt 0.342692 0.764901
vt 0.340628 0.766180
vt 0.342692 0.774172
vt 0.633774 0.527815
vt 0.633774 0.535100
vt 0.631296 0.535100
vt 0.631296 0.527815
vt 0.631296 0.542384
vt 0.633774 0.542384
vt 0.002890 0.413907
vt 0.002890 0.421192
vt 0.000413 0.421192
vt 0.000413 0.413907
vt 0.000413 0.428477
vt 0.002890 0.428477
vt 0.414579 0.037748
vt 0.407514 0.044371
vt 0.409533 0.037748
vt 0.416598 0.044371
vt 0.409533 0.050993
vt 0.414579 0.050993
vt 0.001983 0.846316
vt 0.005800 0.843251
vt 0.006100 0.850961
vt 0.009853 0.845461
vt 0.002094 0.854630
vt 0.010322 0.853729
vt 0.006366 0.857616
vt 0.005682 0.840397
vt 0.010322 0.842096
vt 0.001239 0.843094
vt 0.665950 0.682781
vt 0.670933 0.686093
vt 0.670136 0.689404
vt 0.665153 0.686093
vt 0.677511 0.310596
vt 0.682494 0.313907
vt 0.681696 0.317219
vt 0.676713 0.313907
vt 0.993807 0.041722
vt 0.993807 0.034437
vt 0.996284 0.034438
vt 0.996284 0.041722
vt 0.996284 0.027152
vt 0.993807 0.027152
vt 0.681668 0.782119
vt 0.677539 0.785357
vt 0.677539 0.793451
vt 0.681668 0.796689
vt 0.685797 0.785357
vt 0.685797 0.793451
vt 0.765074 0.055078
vt 0.769857 0.055589
vt 0.768451 0.049157
vt 0.767926 0.061664
vt 0.763380 0.048344
vt 0.762832 0.061389
vt 0.760941 0.054635
vt 0.771676 0.055784
vt 0.770537 0.048344
vt 0.769925 0.062914
vt 0.636223 0.501325
vt 0.641206 0.504636
vt 0.640408 0.507947
vt 0.635425 0.504636
vt 0.214257 0.813907
vt 0.219240 0.817219
vt 0.218443 0.820530
vt 0.213460 0.817219
vt 0.820396 0.058940
vt 0.824938 0.058940
vt 0.824938 0.054967
vt 0.820396 0.054967
vt 0.829480 0.054967
vt 0.829480 0.058940
vt 0.723415 0.441722
vt 0.718369 0.441722
vt 0.716350 0.435100
vt 0.725434 0.435100
vt 0.723415 0.428477
vt 0.718369 0.428477
vt 0.319525 0.798013
vt 0.317506 0.791390
vt 0.322569 0.791390
vt 0.319525 0.784768
vt 0.324571 0.798013
vt 0.324571 0.784768
vt 0.326590 0.791390
vt 0.806358 0.195409
vt 0.804294 0.187417
vt 0.802230 0.188697
vt 0.804294 0.196689
vt 0.278667 0.474834
vt 0.283650 0.478146
vt 0.282852 0.481457
vt 0.277870 0.478146
vt 0.805533 0.005960
vt 0.800991 0.005960
vt 0.800991 0.009934
vt 0.805533 0.009934
vt 0.796449 0.009934
vt 0.796449 0.005960
vt 0.628819 0.033113
vt 0.624494 0.031457
vt 0.624061 0.034768
vt 0.628386 0.036424
vt 0.619736 0.033113
vt 0.620169 0.029801
vt 0.425314 0.767550
vt 0.418249 0.774173
vt 0.420268 0.767550
vt 0.427333 0.774173
vt 0.425314 0.780795
vt 0.420268 0.780795
vt 0.007458 0.888210
vt 0.009369 0.882088
vt 0.004562 0.881606
vt 0.007991 0.875586
vt 0.002274 0.888031
vt 0.002836 0.874834
vt 0.000413 0.881179
vt 0.011148 0.882277
vt 0.010088 0.874834
vt 0.009466 0.889404
vt 0.331544 0.555674
vt 0.329480 0.547682
vt 0.327415 0.548962
vt 0.329480 0.556954
vt 0.988824 0.750331
vt 0.993807 0.753642
vt 0.993009 0.756954
vt 0.988026 0.753642
vt 0.774154 0.020530
vt 0.774154 0.027815
vt 0.771676 0.027815
vt 0.771676 0.020530
vt 0.771676 0.035099
vt 0.774154 0.035099
vt 0.934352 0.392716
vt 0.927287 0.399338
vt 0.925268 0.392716
vt 0.932333 0.386093
vt 0.927287 0.386093
vt 0.932333 0.399338
vt 0.310513 0.260396
vt 0.312424 0.254273
vt 0.307617 0.253792
vt 0.311046 0.247772
vt 0.305330 0.260217
vt 0.305892 0.247020
vt 0.303468 0.253364
vt 0.314203 0.254462
vt 0.313144 0.247020
vt 0.312522 0.261589
vt 0.442197 0.073555
vt 0.440132 0.065563
vt 0.438068 0.066842
vt 0.440132 0.074834
vt 0.038370 0.579470
vt 0.043353 0.582781
vt 0.042555 0.586093
vt 0.037572 0.582781
vt 0.900495 0.477484
vt 0.895954 0.477483
vt 0.895954 0.481457
vt 0.900495 0.481457
vt 0.891412 0.481457
vt 0.891412 0.477484
vt 0.533031 0.588006
vt 0.528902 0.599338
vt 0.533031 0.596100
vt 0.528902 0.584768
vt 0.524773 0.596100
vt 0.524773 0.588006
vt 0.290623 0.080132
vt 0.288604 0.086755
vt 0.293667 0.086755
vt 0.290623 0.093377
vt 0.295669 0.093377
vt 0.295669 0.080132
vt 0.297688 0.086755
vt 0.181227 0.029801
vt 0.186210 0.033113
vt 0.185412 0.036424
vt 0.180429 0.033113
vt 0.917836 0.013953
vt 0.915772 0.005960
vt 0.913708 0.007239
vt 0.915772 0.015232
vt 0.995458 0.583444
vt 0.995458 0.590729
vt 0.992981 0.590729
vt 0.992981 0.583444
vt 0.992981 0.598013
vt 0.995458 0.598013
vt 0.336499 0.228477
vt 0.341040 0.228477
vt 0.341040 0.224503
vt 0.336499 0.224503
vt 0.345582 0.224503
vt 0.345582 0.228477
vt 0.437242 0.439072
vt 0.430177 0.445695
vt 0.428159 0.439072
vt 0.435223 0.432450
vt 0.430177 0.432450
vt 0.435223 0.445695
vt 0.008674 0.455078
vt 0.013457 0.455589
vt 0.012052 0.449157
vt 0.011526 0.461664
vt 0.006980 0.448344
vt 0.006432 0.461389
vt 0.004542 0.454635
vt 0.015277 0.455784
vt 0.014137 0.448344
vt 0.013525 0.462914
vt 0.998761 0.676204
vt 0.996697 0.668212
vt 0.994633 0.669491
vt 0.996697 0.677483
vt 0.600743 0.421900
vt 0.598679 0.413907
vt 0.596614 0.415186
vt 0.598679 0.423179
vt 0.586705 0.253642
vt 0.582163 0.253642
vt 0.582163 0.257616
vt 0.586705 0.257616
vt 0.577622 0.257616
vt 0.577622 0.253642
vt 0.297688 0.300589
vt 0.297688 0.308682
vt 0.301816 0.311921
vt 0.301816 0.297351
vt 0.305945 0.300589
vt 0.305945 0.308682
vt 0.991248 0.120489
vt 0.995065 0.117423
vt 0.995365 0.125133
vt 0.999118 0.119633
vt 0.991360 0.128802
vt 0.999587 0.127901
vt 0.995632 0.131788
vt 0.994947 0.114570
vt 0.999587 0.116269
vt 0.990504 0.117267
vt 0.539609 0.587417
vt 0.544591 0.590729
vt 0.543794 0.594040
vt 0.538811 0.590729
vt 0.404183 0.701324
vt 0.409166 0.704636
vt 0.408368 0.707947
vt 0.403386 0.704636
vt 0.011974 0.747682
vt 0.011974 0.754967
vt 0.009496 0.754967
vt 0.009496 0.747682
vt 0.009496 0.762252
vt 0.011974 0.762252
vt 0.950500 0.221854
vt 0.943435 0.228476
vt 0.945454 0.221854
vt 0.952519 0.228476
vt 0.950500 0.235099
vt 0.945454 0.235099
vt 0.640311 0.266882
vt 0.639992 0.259210
vt 0.644002 0.261464
vt 0.636205 0.262308
vt 0.644509 0.269598
vt 0.636376 0.270478
vt 0.640587 0.273510
vt 0.639870 0.256291
vt 0.644509 0.258119
vt 0.635425 0.259102
vt 0.403358 0.811258
vt 0.408340 0.814570
vt 0.407543 0.817881
vt 0.402560 0.814570
vt 0.182053 0.009934
vt 0.187036 0.013245
vt 0.186238 0.016556
vt 0.181255 0.013245
vt 0.488439 0.725166
vt 0.483897 0.725166
vt 0.483897 0.729139
vt 0.488439 0.729139
vt 0.479356 0.729139
vt 0.479356 0.725166
vt 0.040875 0.694702
vt 0.045004 0.683370
vt 0.040875 0.680132
vt 0.036746 0.683370
vt 0.036746 0.691464
vt 0.045004 0.691464
vt 0.373658 0.345622
vt 0.369529 0.342384
vt 0.369529 0.350504
vt 0.365400 0.345622
vt 0.373658 0.353716
vt 0.365401 0.353716
vt 0.369529 0.356954
vt 0.813790 0.623224
vt 0.811726 0.615232
vt 0.809661 0.616511
vt 0.811726 0.624503
vt 0.511561 0.447065
vt 0.509496 0.439073
vt 0.507432 0.440352
vt 0.509496 0.448344
vt 0.411643 0.012583
vt 0.411643 0.019868
vt 0.409166 0.019868
vt 0.409166 0.012583
vt 0.409166 0.027152
vt 0.411643 0.027152
vt 0.976466 0.040397
vt 0.976466 0.033113
vt 0.978943 0.033113
vt 0.978943 0.040397
vt 0.978943 0.025828
vt 0.976466 0.025828
vt 0.929397 0.146946
vt 0.925268 0.158278
vt 0.929397 0.155040
vt 0.925268 0.143709
vt 0.921140 0.146946
vt 0.921140 0.155040
vt 0.842623 0.011253
vt 0.842304 0.003580
vt 0.846314 0.005835
vt 0.838517 0.006679
vt 0.838688 0.014849
vt 0.846821 0.013969
vt 0.842899 0.017881
vt 0.842183 0.000662
vt 0.846821 0.002490
vt 0.837737 0.003473
vt 0.390145 0.813907
vt 0.395128 0.817219
vt 0.394330 0.820530
vt 0.389348 0.817219
vt 0.309249 0.356999
vt 0.307184 0.349007
vt 0.305120 0.350286
vt 0.307184 0.358278
vt 0.741949 0.367550
vt 0.746490 0.367550
vt 0.746490 0.363576
vt 0.741949 0.363576
vt 0.751032 0.363576
vt 0.751032 0.367550
vt 0.293192 0.798013
vt 0.288146 0.798013
vt 0.286127 0.791391
vt 0.295211 0.791391
vt 0.293192 0.784768
vt 0.288146 0.784768
vt 0.559894 0.606091
vt 0.561805 0.599968
vt 0.556998 0.599487
vt 0.560427 0.593467
vt 0.554710 0.605912
vt 0.555272 0.592715
vt 0.552849 0.599060
vt 0.563584 0.600158
vt 0.562524 0.592715
vt 0.561902 0.607285
vt 0.972337 0.689449
vt 0.970272 0.681457
vt 0.968208 0.682736
vt 0.970272 0.690728
vt 0.040050 0.619250
vt 0.037985 0.611258
vt 0.035921 0.612538
vt 0.037985 0.620530
vt 0.291908 0.309272
vt 0.291908 0.301987
vt 0.294385 0.301987
vt 0.294385 0.309271
vt 0.294385 0.294702
vt 0.291908 0.294702
vt 0.352188 0.386681
vt 0.348059 0.398013
vt 0.352188 0.394776
vt 0.348059 0.383444
vt 0.343931 0.394776
vt 0.343931 0.386681
vt 0.039227 0.362362
vt 0.044010 0.362874
vt 0.042605 0.356442
vt 0.042079 0.368949
vt 0.036985 0.368674
vt 0.037534 0.355629
vt 0.035095 0.361919
vt 0.045830 0.363068
vt 0.044691 0.355629
vt 0.044078 0.370199
vt 0.916157 0.239073
vt 0.921140 0.242384
vt 0.920342 0.245695
vt 0.915359 0.242384
vt 0.005367 0.621900
vt 0.003303 0.613907
vt 0.001239 0.615186
vt 0.003303 0.623179
vt 0.708092 0.676159
vt 0.708093 0.683444
vt 0.705615 0.683444
vt 0.705615 0.676159
vt 0.705615 0.690728
vt 0.708092 0.690728
vt 0.437701 0.102649
vt 0.430636 0.109272
vt 0.432654 0.102649
vt 0.439719 0.109272
vt 0.432654 0.115894
vt 0.437701 0.115894
vt 0.322461 0.251729
vt 0.326590 0.254967
vt 0.326590 0.246847
vt 0.330718 0.251729
vt 0.322461 0.243635
vt 0.330718 0.243635
vt 0.326590 0.240397
vt 0.964051 0.485430
vt 0.969034 0.488742
vt 0.968236 0.492053
vt 0.963253 0.488742
vt 0.799752 0.105343
vt 0.797688 0.097351
vt 0.795623 0.098630
vt 0.797688 0.106623
vt 0.277870 0.329139
vt 0.282411 0.329139
vt 0.282411 0.325166
vt 0.277870 0.325166
vt 0.286953 0.325166
vt 0.286953 0.329139
vt 0.424856 0.629801
vt 0.424856 0.637086
vt 0.422378 0.637086
vt 0.422378 0.629801
vt 0.422378 0.644371
vt 0.424856 0.644371
vt 0.983898 0.490728
vt 0.981879 0.497351
vt 0.976833 0.497351
vt 0.974814 0.490728
vt 0.981879 0.484106
vt 0.976833 0.484106
vt 0.610760 0.021855
vt 0.605698 0.021855
vt 0.607716 0.015232
vt 0.607716 0.028477
vt 0.612763 0.015232
vt 0.612763 0.028477
vt 0.614781 0.021855
vt 0.991301 0.492053
vt 0.996284 0.495364
vt 0.995486 0.498676
vt 0.990504 0.495364
vt 0.030112 0.407285
vt 0.035095 0.410596
vt 0.034297 0.413907
vt 0.029315 0.410596
vt 0.283650 0.268212
vt 0.283650 0.260927
vt 0.286127 0.260927
vt 0.286127 0.268212
vt 0.286127 0.253642
vt 0.283650 0.253642
vt 0.995458 0.050993
vt 0.995458 0.058278
vt 0.992981 0.058278
vt 0.992981 0.050993
vt 0.992981 0.065563
vt 0.995458 0.065563
vt 0.157308 0.089993
vt 0.157308 0.098086
vt 0.161437 0.101324
vt 0.161437 0.086755
vt 0.165566 0.089993
vt 0.165566 0.098086
vt 0.620929 0.510596
vt 0.618910 0.503973
vt 0.623972 0.503973
vt 0.620929 0.497351
vt 0.625975 0.510596
vt 0.625975 0.497351
vt 0.627993 0.503973
vt 0.632948 0.013952
vt 0.630884 0.005960
vt 0.628819 0.007240
vt 0.630884 0.015232
vt 0.073052 0.088079
vt 0.078035 0.091391
vt 0.077237 0.094702
vt 0.072254 0.091391
vt 0.740297 0.739735
vt 0.740297 0.747020
vt 0.737820 0.747020
vt 0.737820 0.739735
vt 0.737820 0.754305
vt 0.740297 0.754305
vt 0.138315 0.709272
vt 0.138315 0.716557
vt 0.135838 0.716557
vt 0.135838 0.709272
vt 0.135838 0.723841
vt 0.138315 0.723841
vt 0.997110 0.856291
vt 0.995091 0.862914
vt 0.988026 0.856291
vt 0.995091 0.849669
vt 0.990045 0.849669
vt 0.990045 0.862914
vt 0.380268 0.007395
vt 0.385051 0.007907
vt 0.383645 0.001475
vt 0.383119 0.013981
vt 0.378574 0.000662
vt 0.378026 0.013706
vt 0.376135 0.006953
vt 0.386870 0.008102
vt 0.385731 0.000662
vt 0.385118 0.015232
vt 0.673382 0.815232
vt 0.678365 0.818543
vt 0.677567 0.821854
vt 0.672585 0.818543
vt 0.640380 0.553025
vt 0.638315 0.545033
vt 0.636251 0.546313
vt 0.638315 0.554305
vt 0.169694 0.812583
vt 0.174236 0.812583
vt 0.174236 0.808609
vt 0.169694 0.808609
vt 0.178778 0.808609
vt 0.178778 0.812583
vt 0.627168 0.541060
vt 0.625149 0.547682
vt 0.618084 0.541060
vt 0.625149 0.534437
vt 0.620103 0.534437
vt 0.620103 0.547682
vt 0.634967 0.333113
vt 0.632948 0.339736
vt 0.638010 0.339736
vt 0.634967 0.346358
vt 0.640013 0.333113
vt 0.640013 0.346358
vt 0.642031 0.339736
vt 0.916185 0.119913
vt 0.914121 0.111921
vt 0.912056 0.113200
vt 0.914121 0.121192
vt 0.279521 0.074880
vt 0.277457 0.066887
vt 0.275392 0.068167
vt 0.277457 0.076159
vt 0.680017 0.776821
vt 0.680017 0.769536
vt 0.682494 0.769536
vt 0.682494 0.776821
vt 0.682494 0.762252
vt 0.680017 0.762252
vt 0.746078 0.330464
vt 0.746078 0.323178
vt 0.748555 0.323178
vt 0.748555 0.330464
vt 0.748555 0.315894
vt 0.746078 0.315894
vt 0.489724 0.739735
vt 0.482659 0.746357
vt 0.484677 0.739735
vt 0.491742 0.746357
vt 0.484677 0.752980
vt 0.489724 0.752980
vt 0.949146 0.253637
vt 0.948827 0.245965
vt 0.952838 0.248219
vt 0.945040 0.249062
vt 0.953344 0.256353
vt 0.945212 0.257233
vt 0.949422 0.260265
vt 0.948706 0.243046
vt 0.953344 0.244874
vt 0.944261 0.245856
vt 0.655215 0.044371
vt 0.660198 0.047682
vt 0.659401 0.050993
vt 0.654418 0.047682
vt 0.121800 0.795410
vt 0.119736 0.787417
vt 0.117671 0.788696
vt 0.119736 0.796689
vt 0.996284 0.564901
vt 0.996284 0.557616
vt 0.998761 0.557616
vt 0.998761 0.564901
vt 0.998761 0.550331
vt 0.996284 0.550331
vt 0.789843 0.190067
vt 0.787825 0.196689
vt 0.782778 0.196689
vt 0.780760 0.190067
vt 0.787825 0.183444
vt 0.782778 0.183444
vt 0.951693 0.981946
vt 0.951693 0.990066
vt 0.955822 0.986829
vt 0.947564 0.986829
vt 0.947564 0.978734
vt 0.955822 0.978734
vt 0.951693 0.975497
vt 0.400054 0.003311
vt 0.405037 0.006622
vt 0.404240 0.009934
vt 0.399257 0.006622
vt 0.146545 0.077483
vt 0.151528 0.080795
vt 0.150730 0.084106
vt 0.145747 0.080795
vt 0.186210 0.435099
vt 0.181668 0.435099
vt 0.181668 0.439073
vt 0.186210 0.439073
vt 0.177126 0.439073
vt 0.177126 0.435099
vt 0.220892 0.786093
vt 0.216350 0.786093
vt 0.216350 0.790066
vt 0.220892 0.790066
vt 0.211808 0.790066
vt 0.211808 0.786093
vt 0.097027 0.007285
vt 0.095009 0.013907
vt 0.087944 0.007285
vt 0.095009 0.000662
vt 0.089963 0.000662
vt 0.089963 0.013907
vt 0.013733 0.280132
vt 0.008671 0.280132
vt 0.010689 0.286755
vt 0.010689 0.273510
vt 0.015735 0.286755
vt 0.015736 0.273510
vt 0.017754 0.280132
vt 0.063997 0.666933
vt 0.061932 0.658940
vt 0.059868 0.660220
vt 0.061932 0.668212
vt 0.909579 0.134482
vt 0.907514 0.126490
vt 0.905450 0.127769
vt 0.907514 0.135762
vt 0.624690 0.566225
vt 0.629232 0.566225
vt 0.629232 0.562252
vt 0.624690 0.562252
vt 0.633774 0.562252
vt 0.633774 0.566225
vt 0.802230 0.017881
vt 0.806771 0.017881
vt 0.806771 0.013907
vt 0.802230 0.013907
vt 0.811313 0.013907
vt 0.811313 0.017881
vt 0.395128 0.020529
vt 0.402193 0.013907
vt 0.404211 0.020529
vt 0.402193 0.027152
vt 0.397147 0.027152
vt 0.397147 0.013907
vt 0.370286 0.439067
vt 0.369967 0.431395
vt 0.373977 0.433650
vt 0.366180 0.434493
vt 0.374484 0.441783
vt 0.366351 0.442663
vt 0.370562 0.445695
vt 0.369845 0.428477
vt 0.374484 0.430305
vt 0.365400 0.431287
vt 0.868263 0.395364
vt 0.873245 0.398676
vt 0.872448 0.401987
vt 0.867465 0.398676
vt 0.930195 0.236424
vt 0.935178 0.239735
vt 0.934380 0.243046
vt 0.929397 0.239735
vt 0.178778 0.788742
vt 0.183320 0.788742
vt 0.183320 0.784768
vt 0.178778 0.784768
vt 0.187861 0.784768
vt 0.187861 0.788742
vt 0.647445 0.186093
vt 0.640380 0.192716
vt 0.642399 0.186093
vt 0.649463 0.192716
vt 0.647445 0.199338
vt 0.642399 0.199338
vt 0.652698 0.519862
vt 0.652379 0.512190
vt 0.656388 0.514445
vt 0.648591 0.515288
vt 0.648763 0.523458
vt 0.656895 0.522578
vt 0.652974 0.526490
vt 0.652257 0.509272
vt 0.656895 0.511099
vt 0.647812 0.512082
vt 0.978089 0.458940
vt 0.983072 0.462252
vt 0.982274 0.465563
vt 0.977292 0.462252
vt 0.012771 0.665563
vt 0.017754 0.668874
vt 0.016956 0.672185
vt 0.011974 0.668874
vt 0.072254 0.010596
vt 0.076580 0.012252
vt 0.077013 0.008940
vt 0.072687 0.007285
vt 0.081338 0.010596
vt 0.080905 0.013907
vt 0.279980 0.515894
vt 0.274934 0.515894
vt 0.272915 0.509271
vt 0.281998 0.509271
vt 0.279980 0.502649
vt 0.274934 0.502649
vt 0.987204 0.297462
vt 0.991987 0.297974
vt 0.990582 0.291542
vt 0.990056 0.304048
vt 0.985511 0.290728
vt 0.984962 0.303773
vt 0.983072 0.297019
vt 0.993807 0.298168
vt 0.992667 0.290728
vt 0.992055 0.305298
vt 0.359592 0.367550
vt 0.364575 0.370861
vt 0.363777 0.374172
vt 0.358794 0.370861
vt 0.320781 0.636424
vt 0.325764 0.639735
vt 0.324966 0.643046
vt 0.319983 0.639735
vt 0.868291 0.444371
vt 0.868291 0.437086
vt 0.870768 0.437086
vt 0.870768 0.444371
vt 0.870768 0.429801
vt 0.868291 0.429801
vt 0.703964 0.275423
vt 0.699835 0.286755
vt 0.703964 0.283518
vt 0.699835 0.272185
vt 0.695706 0.283518
vt 0.695706 0.275423
vt 0.038765 0.640397
vt 0.036746 0.647020
vt 0.041809 0.647020
vt 0.038765 0.653642
vt 0.043811 0.640397
vt 0.043811 0.653642
vt 0.045830 0.647020
vt 0.564381 0.000662
vt 0.569364 0.003973
vt 0.568567 0.007285
vt 0.563584 0.003973
vt 0.307569 0.637748
vt 0.312552 0.641060
vt 0.311754 0.644371
vt 0.306771 0.641060
vt 0.990504 0.664238
vt 0.990504 0.656953
vt 0.992981 0.656953
vt 0.992981 0.664238
vt 0.992981 0.649669
vt 0.990504 0.649669
vt 0.953344 0.500000
vt 0.957886 0.500000
vt 0.957886 0.496027
vt 0.953344 0.496027
vt 0.962428 0.496027
vt 0.962428 0.500000
vt 0.482659 0.714570
vt 0.486788 0.703238
vt 0.482659 0.700000
vt 0.478530 0.703238
vt 0.478530 0.711331
vt 0.486788 0.711331
vt 0.360449 0.293488
vt 0.365233 0.294000
vt 0.363827 0.287568
vt 0.363301 0.300074
vt 0.358756 0.286755
vt 0.358207 0.299799
vt 0.356317 0.293046
vt 0.367052 0.294195
vt 0.365912 0.286755
vt 0.365300 0.301324
vt 0.183704 0.060265
vt 0.188687 0.063576
vt 0.187889 0.066887
vt 0.182907 0.063576
vt 0.442994 0.439073
vt 0.447977 0.442384
vt 0.447179 0.445695
vt 0.442197 0.442384
vt 0.679191 0.346358
vt 0.679191 0.339073
vt 0.681668 0.339073
vt 0.681668 0.346358
vt 0.681668 0.331788
vt 0.679191 0.331788
f 3/24 2/25 11/22
f 11/22 13/23 3/24
f 9/32 8/30 1/29
f 1/29 4/33 9/32
f 7/7 11/11 10/10
f 10/10 8/8 7/7
f 13/23 12/27 5/26
f 5/26 3/24 13/23
f 6/28 1/29 8/30
f 8/30 10/31 6/28
f 13/13 11/11 7/7
f 7/7 12/12 13/13
f 7/7 8/8 9/9
f 9/9 12/12 7/7
f 12/18 9/19 4/20
f 4/20 5/21 12/18
f 2/14 6/15 10/16
f 10/16 11/17 2/14
f 3/3 4/4 1/1
f 1/1 2/2 3/3
f 3/3 5/5 4/4
f 2/2 1/1 6/6
f 20/40 25/45 23/43
f 23/43 21/41 20/40
f 26/46 25/45 20/40
f 20/40 24/44 26/46
f 20/40 21/41 22/42
f 22/42 24/44 20/40
f 24/54 22/55 19/56
f 19/56 15/57 24/54
f 18/49 16/47 21/41
f 21/41 23/43 18/49
f 14/60 17/61 25/58
f 25/58 26/59 14/60
f 17/52 18/53 23/50
f 23/50 25/51 17/52
f 22/42 21/41 16/47
f 16/47 19/48 22/42
f 26/59 24/63 15/62
f 15/62 14/60 26/59
f 14/34 15/35 16/36
f 16/36 17/37 14/34
f 15/35 19/39 16/36
f 17/37 16/36 18/38
f 598/642 599/643 293/644
f 293/644 283/645 598/642
f 521/558 519/556 514/551
f 514/551 526/563 521/558
f 573/610 576/613 577/614
f 577/614 578/615 573/610
f 308/1252 307/1257 233/1256
f 233/1256 232/1250 308/1252
f 838/2037 836/2038 548/2035
f 548/2035 547/2036 838/2037
f 373/1732 382/1733 704/1734
f 704/1734 707/1735 373/1732
f 596/639 597/641 33/640
f 33/640 32/638 596/639
f 735/1138 736/1139 342/1140
f 342/1140 341/1141 735/1138
f 758/1223 320/1225 318/1224
f 318/1224 218/1222 758/1223
f 239/1488 240/1489 241/1486
f 241/1486 244/1487 239/1488
f 242/279 246/283 245/282
f 245/282 243/280 242/279
f 635/749 636/751 68/750
f 68/750 89/748 635/749
f 222/1246 221/1247 765/1248
f 765/1248 228/1249 222/1246
f 543/2251 590/2252 834/2253
f 834/2253 833/2254 543/2251
f 629/738 630/739 31/695
f 31/695 404/693 629/738
f 756/1216 314/1217 313/1214
f 313/1214 755/1215 756/1216
f 456/493 457/494 458/495
f 458/495 459/496 456/493
f 472/2119 471/2120 878/2121
f 878/2121 880/2122 472/2119
f 405/442 406/443 407/444
f 407/444 408/445 405/442
f 816/2053 814/2054 566/2051
f 566/2051 565/2052 816/2053
f 861/1934 866/1939 864/1937
f 864/1937 862/1935 861/1934
f 31/695 34/697 617/696
f 617/696 616/694 31/695
f 861/1934 862/1935 863/1936
f 863/1936 865/1938 861/1934
f 138/1070 137/1071 718/1072
f 718/1072 144/1073 138/1070
f 546/583 549/586 550/587
f 550/587 551/588 546/583
f 100/1547 96/1551 102/1550
f 102/1550 101/1548 100/1547
f 708/1736 703/1737 381/1738
f 381/1738 374/1739 708/1736
f 239/276 237/274 236/273
f 236/273 240/277 239/276
f 278/703 284/705 621/704
f 621/704 620/702 278/703
f 147/1084 150/1093 366/1092
f 366/1092 365/1086 147/1084
f 49/862 48/873 46/872
f 46/872 44/861 49/862
f 896/1975 900/1979 899/1978
f 899/1978 897/1976 896/1975
f 670/950 73/945 38/951
f 38/951 37/952 670/950
f 629/926 404/934 403/935
f 403/935 610/930 629/926
f 365/402 366/403 367/404
f 367/404 368/405 365/402
f 483/520 484/521 485/522
f 485/522 486/523 483/520
f 296/1602 248/1603 247/1600
f 247/1600 297/1601 296/1602
f 692/974 394/975 393/972
f 393/972 691/973 692/974
f 907/2141 906/2142 494/2139
f 494/2139 493/2140 907/2141
f 605/657 606/659 333/658
f 333/658 323/656 605/657
f 479/516 478/515 480/517
f 480/517 481/518 479/516
f 221/1678 210/1679 762/1676
f 762/1676 765/1677 221/1678
f 519/734 619/701 620/702
f 620/702 514/735 519/734
f 334/715 344/717 627/716
f 627/716 626/714 334/715
f 695/986 103/995 105/990
f 105/990 696/987 695/986
f 525/2003 516/2004 843/2005
f 843/2005 844/2006 525/2003
f 835/1905 834/1904 836/1906
f 836/1906 838/1908 835/1905
f 740/1156 739/1155 190/1162
f 190/1162 186/1161 740/1156
f 686/1410 684/1411 680/1412
f 680/1412 682/1413 686/1410
f 324/713 334/715 626/714
f 626/714 625/712 324/713
f 643/765 644/767 207/766
f 207/766 221/764 643/765
f 350/826 360/824 665/825
f 665/825 666/827 350/826
f 567/728 613/688 614/690
f 614/690 568/729 567/728
f 524/865 674/864 671/852
f 671/852 517/866 524/865
f 175/212 176/213 177/214
f 177/214 178/215 175/212
f 539/576 540/577 501/538
f 501/538 503/540 539/576
f 355/392 356/393 357/394
f 357/394 358/395 355/392
f 314/711 324/713 625/712
f 625/712 624/710 314/711
f 724/1098 723/1097 162/1104
f 162/1104 158/1103 724/1098
f 807/1874 806/1873 808/1875
f 808/1875 809/1876 807/1874
f 455/2247 454/2248 893/2245
f 893/2245 895/2246 455/2247
f 245/1286 248/1299 296/1298
f 296/1298 295/1292 245/1286
f 568/729 614/690 615/692
f 615/692 576/730 568/729
f 529/566 530/567 511/548
f 511/548 513/550 529/566
f 562/2047 561/2048 815/2049
f 815/2049 817/2050 562/2047
f 727/1110 159/1119 161/1114
f 161/1114 728/1111 727/1110
f 874/1947 873/1946 868/1941
f 868/1941 872/1945 874/1947
f 671/852 52/863 49/862
f 49/862 672/853 671/852
f 465/502 466/503 467/504
f 467/504 468/505 465/502
f 188/1531 187/1535 181/1534
f 181/1534 183/1532 188/1531
f 849/1919 848/1918 850/1920
f 850/1920 851/1921 849/1919
f 203/1204 206/1213 326/1212
f 326/1212 325/1206 203/1204
f 736/1342 737/1343 742/1344
f 742/1344 739/1345 736/1342
f 550/725 628/718 612/685
f 612/685 558/726 550/725
f 133/1050 136/1059 376/1058
f 376/1058 375/1052 133/1050
f 905/1987 904/1986 906/1988
f 906/1988 907/1989 905/1987
f 713/1051 133/1050 375/1052
f 375/1052 379/1053 713/1051
f 267/910 270/923 272/922
f 272/922 271/916 267/910
f 762/1370 759/1371 764/1372
f 764/1372 765/1373 762/1370
f 528/2265 527/2266 852/2263
f 852/2263 853/2264 528/2265
f 71/108 67/104 70/107
f 70/107 72/109 71/108
f 59/1456 60/1457 53/1458
f 53/1458 54/1459 59/1456
f 768/1394 769/1395 774/1396
f 774/1396 771/1397 768/1394
f 244/1487 243/1493 237/1492
f 237/1492 239/1488 244/1487
f 101/138 102/139 103/140
f 103/140 104/141 101/138
f 695/986 696/987 392/988
f 392/988 391/989 695/986
f 594/635 479/672 483/673
f 483/673 595/637 594/635
f 223/260 224/261 221/258
f 221/258 222/259 223/260
f 421/847 654/803 653/801
f 653/801 417/848 421/847
f 147/184 148/185 149/186
f 149/186 150/187 147/184
f 740/1584 735/1585 341/1586
f 341/1586 334/1587 740/1584
f 700/1004 699/1003 120/1010
f 120/1010 116/1009 700/1004
f 631/742 555/781 560/782
f 560/782 632/743 631/742
f 888/2204 886/2208 466/2207
f 466/2207 464/2205 888/2204
f 54/1459 52/1461 57/1460
f 57/1460 59/1456 54/1459
f 645/769 646/771 179/770
f 179/770 193/768 645/769
f 127/164 125/162 124/161
f 124/161 128/165 127/164
f 684/912 683/911 280/913
f 280/913 279/914 684/912
f 483/520 486/523 487/524
f 487/524 488/525 483/520
f 894/2109 892/2110 458/2107
f 458/2107 457/2108 894/2109
f 603/653 442/681 444/664
f 444/664 604/655 603/653
f 300/800 310/796 652/799
f 652/799 653/801 300/800
f 542/579 541/578 543/580
f 543/580 544/581 542/579
f 30/700 278/703 620/702
f 620/702 619/701 30/700
f 599/643 439/676 442/681
f 442/681 603/653 599/643
f 747/1182 748/1183 204/1184
f 204/1184 200/1193 747/1182
f 734/1806 729/1807 359/1804
f 359/1804 350/1805 734/1806
f 169/206 167/204 166/203
f 166/203 170/207 169/206
f 91/128 92/129 89/126
f 89/126 90/127 91/128
f 635/749 573/785 578/786
f 578/786 636/751 635/749
f 181/1176 187/1177 746/1178
f 746/1178 182/1179 181/1176
f 341/378 342/379 343/380
f 343/380 344/381 341/378
f 199/236 200/237 201/238
f 201/238 202/239 199/236
f 632/743 633/745 109/744
f 109/744 123/740 632/743
f 245/282 246/283 247/284
f 247/284 248/285 245/282
f 594/635 595/637 403/636
f 403/636 393/634 594/635
f 46/1558 48/1559 47/1556
f 47/1556 45/1557 46/1558
f 165/1794 154/1795 730/1792
f 730/1792 733/1793 165/1794
f 71/1512 72/1513 79/1510
f 79/1510 80/1511 71/1512
f 631/742 632/743 123/740
f 123/740 137/741 631/742
f 737/1143 175/1142 345/1144
f 345/1144 349/1145 737/1143
f 318/1224 317/1227 219/1226
f 219/1226 218/1222 318/1224
f 607/661 456/667 461/668
f 461/668 608/663 607/661
f 492/529 493/530 494/531
f 494/531 495/532 492/529
f 283/1712 292/1713 775/1714
f 775/1714 779/1715 283/1712
f 492/878 495/880 677/879
f 677/879 675/875 492/878
f 603/653 604/655 313/654
f 313/654 303/652 603/653
f 288/1310 287/1313 261/1312
f 261/1312 260/1308 288/1310
f 249/1710 238/1711 778/1708
f 778/1708 781/1709 249/1710
f 386/1566 122/1567 121/1564
f 121/1564 387/1565 386/1566
f 689/963 83/962 406/964
f 406/964 405/965 689/963
f 474/511 475/512 476/513
f 476/513 477/514 474/511
f 825/1892 824/1891 819/1886
f 819/1886 823/1890 825/1892
f 700/1004 384/1005 383/1002
f 383/1002 699/1003 700/1004
f 127/1452 128/1453 129/1450
f 129/1450 132/1451 127/1452
f 153/190 154/191 151/188
f 151/188 152/189 153/190
f 338/1164 337/1167 191/1166
f 191/1166 190/1162 338/1164
f 422/844 655/805 654/803
f 654/803 421/847 422/844
f 676/876 34/892 33/874
f 33/874 675/875 676/876
f 330/830 340/828 667/829
f 667/829 668/831 330/830
f 440/2083 418/2084 864/2085
f 864/2085 866/2086 440/2083
f 637/889 582/890 678/886
f 678/886 69/888 637/889
f 772/1274 771/1273 246/1280
f 246/1280 242/1279 772/1274
f 698/1382 695/1383 700/1384
f 700/1384 701/1385 698/1382
f 180/1158 179/1159 741/1160
f 741/1160 186/1161 180/1158
f 853/1923 852/1922 849/1919
f 849/1919 851/1921 853/1923
f 830/2021 828/2022 506/2019
f 506/2019 535/2020 830/2021
f 426/845 656/807 655/805
f 655/805 422/844 426/845
f 486/841 660/815 659/813
f 659/813 487/842 486/841
f 407/932 409/937 87/936
f 87/936 82/924 407/932
f 153/1118 159/1119 730/1120
f 730/1120 154/1121 153/1118
f 169/1526 170/1527 171/1524
f 171/1524 174/1525 169/1526
f 839/2240 838/2244 547/2243
f 547/2243 545/2241 839/2240
f 152/1100 151/1101 725/1102
f 725/1102 158/1103 152/1100
f 764/1684 759/1685 311/1686
f 311/1686 304/1687 764/1684
f 559/727 611/684 613/688
f 613/688 567/728 559/727
f 706/1398 703/1399 708/1400
f 708/1400 709/1401 706/1398
f 846/2259 845/2260 522/2257
f 522/2257 523/2258 846/2259
f 669/850 670/851 37/810
f 37/810 408/814 669/850
f 119/1020 122/1029 386/1028
f 386/1028 385/1022 119/1020
f 558/726 612/685 611/684
f 611/684 559/727 558/726
f 123/1728 112/1729 706/1730
f 706/1730 709/1731 123/1728
f 291/328 292/329 293/330
f 293/330 294/331 291/328
f 193/1742 182/1743 746/1740
f 746/1740 750/1741 193/1742
f 253/1518 254/1519 255/1516
f 255/1516 258/1517 253/1518
f 316/1622 220/1623 219/1620
f 219/1620 317/1621 316/1622
f 591/630 592/631 373/628
f 373/628 363/629 591/630
f 86/1505 84/1507 91/1506
f 91/1506 93/1502 86/1505
f 648/775 551/780 555/781
f 555/781 631/742 648/775
f 460/836 665/825 664/823
f 664/823 468/837 460/836
f 370/822 380/820 663/821
f 663/821 664/823 370/822
f 747/1182 324/1189 323/1188
f 323/1188 748/1183 747/1182
f 687/958 84/969 83/962
f 83/962 688/959 687/958
f 408/814 37/810 659/813
f 659/813 660/815 408/814
f 158/195 162/199 161/198
f 161/198 159/196 158/195
f 591/630 465/669 470/670
f 470/670 592/631 591/630
f 471/1960 498/1958 876/1952
f 876/1952 878/1954 471/1960
f 139/176 140/177 137/174
f 137/174 138/175 139/176
f 860/1930 859/1929 856/1926
f 856/1926 858/1928 860/1930
f 225/262 223/260 222/259
f 222/259 226/263 225/262
f 671/852 27/868 618/867
f 618/867 517/866 671/852
f 226/1254 222/1246 228/1249
f 228/1249 227/1255 226/1254
f 303/1680 312/1681 760/1682
f 760/1682 763/1683 303/1680
f 818/1885 817/1884 812/1879
f 812/1879 816/1883 818/1885
f 752/1422 753/1423 758/1424
f 758/1424 755/1425 752/1422
f 896/1975 897/1976 898/1977
f 898/1977 901/1980 896/1975
f 892/2159 890/2157 500/2156
f 500/2156 458/2160 892/2159
f 194/1190 193/1191 750/1192
f 750/1192 200/1193 194/1190
f 430/2087 428/2088 899/2089
f 899/2089 900/2090 430/2087
f 375/412 376/413 377/414
f 377/414 378/415 375/412
f 850/2303 848/2301 512/2300
f 512/2300 511/2304 850/2303
f 495/880 658/882 36/881
f 36/881 677/879 495/880
f 51/88 50/87 49/86
f 49/86 52/89 51/88
f 209/1236 215/1237 762/1238
f 762/1238 210/1239 209/1236
f 909/1991 908/1990 905/1987
f 905/1987 907/1989 909/1991
f 853/2264 851/2268 530/2267
f 530/2267 528/2265 853/2264
f 784/1356 785/1357 790/1354
f 790/1354 787/1355 784/1356
f 411/1840 413/1841 791/1842
f 791/1842 792/1843 411/1840
f 410/1614 88/1615 87/1612
f 87/1612 409/1613 410/1614
f 427/846 657/808 656/807
f 656/807 426/845 427/846
f 64/1332 63/1333 789/1334
f 789/1334 264/1335 64/1332
f 478/840 661/817 660/815
f 660/815 486/841 478/840
f 353/1830 362/1831 720/1828
f 720/1828 723/1829 353/1830
f 715/1062 364/1069 363/1068
f 363/1068 716/1063 715/1062
f 532/2015 510/2016 829/2017
f 829/2017 831/2018 532/2015
f 694/981 400/983 398/982
f 398/982 106/980 694/981
f 669/931 408/933 407/932
f 407/932 82/924 669/931
f 703/1016 704/1017 382/1018
f 382/1018 381/1019 703/1016
f 633/745 634/747 95/746
f 95/746 109/744 633/745
f 321/358 322/359 323/360
f 323/360 324/361 321/358
f 376/1554 136/1555 135/1552
f 135/1552 377/1553 376/1554
f 184/1533 180/1537 186/1536
f 186/1536 185/1530 184/1533
f 811/1878 810/1877 807/1874
f 807/1874 809/1876 811/1878
f 602/651 429/680 432/679
f 432/679 601/648 602/651
f 633/745 564/783 569/784
f 569/784 634/747 633/745
f 555/592 556/593 557/594
f 557/594 558/595 555/592
f 533/2175 532/2176 831/2173
f 831/2173 832/2174 533/2175
f 680/898 679/897 50/903
f 50/903 51/904 680/898
f 804/1868 801/1864 803/1866
f 803/1866 800/1870 804/1868
f 374/687 384/689 613/688
f 613/688 611/684 374/687
f 592/631 593/633 383/632
f 383/632 373/628 592/631
f 578/615 577/614 579/616
f 579/616 580/617 578/615
f 673/857 43/860 657/859
f 657/859 427/858 673/857
f 217/1232 220/1241 316/1240
f 316/1240 315/1234 217/1232
f 31/68 32/69 33/70
f 33/70 34/71 31/68
f 647/773 648/775 151/774
f 151/774 165/772 647/773
f 776/1288 775/1287 292/1289
f 292/1289 291/1290 776/1288
f 119/156 120/157 121/158
f 121/158 122/159 119/156
f 879/2125 877/2126 476/2123
f 476/2123 475/2124 879/2125
f 790/1660 785/1661 289/1662
f 289/1662 276/1663 790/1660
f 67/104 68/105 69/106
f 69/106 70/107 67/104
f 461/498 460/497 462/499
f 462/499 463/500 461/498
f 104/1000 103/995 97/994
f 97/994 99/1001 104/1000
f 857/1927 855/1925 586/1931
f 586/1931 584/1932 857/1927
f 503/722 625/712 626/714
f 626/714 541/723 503/722
f 195/1208 201/1209 754/1210
f 754/1210 196/1211 195/1208
f 832/2174 830/2178 535/2177
f 535/2177 533/2175 832/2174
f 504/721 624/710 625/712
f 625/712 503/722 504/721
f 671/852 672/853 28/854
f 28/854 27/868 671/852
f 793/1844 791/1842 413/1841
f 413/1841 449/1845 793/1844
f 832/1902 831/1901 826/1896
f 826/1896 830/1900 832/1902
f 508/720 623/708 624/710
f 624/710 504/721 508/720
f 65/1496 66/1497 263/1494
f 263/1494 266/1495 65/1496
f 125/162 126/163 123/160
f 123/160 124/161 125/162
f 456/493 459/496 460/497
f 460/497 461/498 456/493
f 110/1006 109/1007 701/1008
f 701/1008 116/1009 110/1006
f 814/2231 813/2229 588/2228
f 588/2228 566/2232 814/2231
f 577/731 616/694 617/696
f 617/696 585/732 577/731
f 431/2282 430/2286 900/2285
f 900/2285 902/2283 431/2282
f 65/102 61/98 64/101
f 64/101 66/103 65/102
f 57/94 58/95 55/92
f 55/92 56/93 57/94
f 794/1846 795/1847 792/1843
f 792/1843 791/1842 794/1846
f 595/637 483/673 488/674
f 488/674 596/639 595/637
f 828/2237 827/2235 507/2234
f 507/2234 506/2238 828/2237
f 571/2055 570/2056 805/2057
f 805/2057 810/2058 571/2055
f 643/765 534/793 536/776
f 536/776 644/767 643/765
f 217/254 218/255 219/256
f 219/256 220/257 217/254
f 97/994 103/995 698/996
f 698/996 98/997 97/994
f 596/639 488/674 492/675
f 492/675 597/641 596/639
f 454/2103 453/2104 889/2105
f 889/2105 893/2106 454/2103
f 743/1168 744/1169 332/1170
f 332/1170 331/1171 743/1168
f 714/1078 711/1079 715/1062
f 715/1062 718/1072 714/1078
f 875/1951 876/1952 877/1953
f 877/1953 879/1955 875/1951
f 772/1770 767/1771 301/1768
f 301/1768 294/1769 772/1770
f 538/1852 537/1853 798/1850
f 798/1850 799/1851 538/1852
f 155/192 153/190 152/189
f 152/189 156/193 155/192
f 595/637 596/639 32/638
f 32/638 403/636 595/637
f 474/511 477/514 478/515
f 478/515 479/516 474/511
f 195/232 196/233 193/230
f 193/230 194/231 195/232
f 881/1957 880/1956 875/1951
f 875/1951 879/1955 881/1957
f 216/1539 215/1543 209/1542
f 209/1542 211/1540 216/1539
f 451/834 667/829 666/827
f 666/827 459/835 451/834
f 401/438 402/439 403/440
f 403/440 404/441 401/438
f 130/167 134/171 133/170
f 133/170 131/168 130/167
f 391/428 392/429 393/430
f 393/430 394/431 391/428
f 285/322 286/323 287/324
f 287/324 288/325 285/322
f 444/481 412/449 411/448
f 411/448 445/482 444/481
f 125/1054 131/1055 714/1056
f 714/1056 126/1057 125/1054
f 551/588 550/587 552/589
f 552/589 553/590 551/588
f 552/1895 589/1893 820/1887
f 820/1887 822/1889 552/1895
f 764/1244 304/1245 303/1242
f 303/1242 763/1243 764/1244
f 95/1632 92/1633 690/1634
f 690/1634 693/1635 95/1632
f 597/877 492/878 675/875
f 675/875 33/874 597/877
f 505/1862 502/1863 801/1864
f 801/1864 802/1865 505/1862
f 60/1457 56/1463 51/1462
f 51/1462 53/1458 60/1457
f 396/1610 108/1611 107/1608
f 107/1608 397/1609 396/1610
f 688/1346 689/1347 694/1348
f 694/1348 691/1349 688/1346
f 788/1330 787/1329 268/1336
f 268/1336 264/1335 788/1330
f 764/1244 763/1243 232/1250
f 232/1250 228/1249 764/1244
f 534/571 508/545 504/541
f 504/541 536/573 534/571
f 742/1163 340/1165 338/1164
f 338/1164 190/1162 742/1163
f 717/1065 370/1067 368/1066
f 368/1066 148/1064 717/1065
f 44/81 46/83 45/82
f 45/82 41/78 44/81
f 231/1262 234/1271 306/1270
f 306/1270 305/1264 231/1262
f 439/476 417/454 418/455
f 418/455 440/477 439/476
f 524/561 517/554 516/553
f 516/553 525/562 524/561
f 683/1406 685/1407 681/1408
f 681/1408 679/1409 683/1406
f 523/2258 525/2262 844/2261
f 844/2261 846/2259 523/2258
f 58/869 674/864 524/865
f 524/865 638/870 58/869
f 604/655 605/657 323/656
f 323/656 313/654 604/655
f 113/150 111/148 110/147
f 110/147 114/151 113/150
f 253/290 251/288 250/287
f 250/287 254/291 253/290
f 35/883 39/895 77/894
f 77/894 76/884 35/883
f 756/1816 751/1817 321/1818
f 321/1818 314/1819 756/1816
f 97/134 98/135 95/132
f 95/132 96/133 97/134
f 236/1276 235/1277 773/1278
f 773/1278 242/1279 236/1276
f 167/1146 173/1147 738/1148
f 738/1148 168/1149 167/1146
f 333/1582 342/1583 736/1580
f 736/1580 739/1581 333/1582
f 437/474 421/458 417/454
f 417/454 439/476 437/474
f 906/2165 904/2163 496/2162
f 496/2162 494/2166 906/2165
f 105/990 108/999 396/998
f 396/998 395/992 105/990
f 783/1314 257/1323 259/1318
f 259/1318 784/1315 783/1314
f 640/759 526/790 529/791
f 529/791 641/761 640/759
f 753/1205 203/1204 325/1206
f 325/1206 329/1207 753/1205
f 111/1024 117/1025 706/1026
f 706/1026 112/1027 111/1024
f 526/563 514/551 515/552
f 515/552 527/564 526/563
f 309/346 305/342 308/345
f 308/345 310/347 309/346
f 295/332 296/333 297/334
f 297/334 298/335 295/332
f 364/686 374/687 611/684
f 611/684 612/685 364/686
f 404/693 31/695 616/694
f 616/694 615/692 404/693
f 913/2171 911/2169 420/2168
f 420/2168 419/2172 913/2171
f 264/301 268/305 267/304
f 267/304 265/302 264/301
f 630/942 74/946 73/945
f 73/945 609/943 630/942
f 803/1866 801/1864 502/1863
f 502/1863 501/1867 803/1866
f 487/842 659/813 658/812
f 658/812 495/843 487/842
f 144/181 148/185 147/184
f 147/184 145/182 144/181
f 687/958 688/959 402/960
f 402/960 401/961 687/958
f 754/1426 751/1427 756/1428
f 756/1428 757/1429 754/1426
f 702/1722 697/1723 399/1720
f 399/1720 390/1721 702/1722
f 211/248 209/246 208/245
f 208/245 212/249 211/248
f 212/1541 208/1545 214/1544
f 214/1544 213/1538 212/1541
f 858/2069 857/2070 584/2067
f 584/2067 583/2068 858/2069
f 724/1832 719/1833 361/1834
f 361/1834 354/1835 724/1832
f 157/194 158/195 159/196
f 159/196 160/197 157/194
f 43/80 44/81 41/78
f 41/78 42/79 43/80
f 447/484 450/487 451/488
f 451/488 452/489 447/484
f 719/1080 720/1081 362/1082
f 362/1082 361/1083 719/1080
f 277/1654 282/1655 784/1652
f 784/1652 787/1653 277/1654
f 676/876 675/875 76/884
f 76/884 75/885 676/876
f 774/1772 769/1773 309/1774
f 309/1774 300/1775 774/1772
f 517/733 618/698 619/701
f 619/701 519/734 517/733
f 463/2111 462/2112 885/2113
f 885/2113 887/2114 463/2111
f 680/898 30/899 29/896
f 29/896 679/897 680/898
f 29/1786 280/1787 683/1784
f 683/1784 679/1785 29/1786
f 846/1916 844/1914 840/1910
f 840/1910 845/1915 846/1916
f 704/1390 705/1391 710/1392
f 710/1392 707/1393 704/1390
f 902/2283 901/2284 433/2281
f 433/2281 431/2282 902/2283
f 346/1568 178/1569 177/1570
f 177/1570 347/1571 346/1568
f 231/268 232/269 233/270
f 233/270 234/271 231/268
f 749/1185 330/1187 328/1186
f 328/1186 204/1184 749/1185
f 641/761 529/791 531/792
f 531/792 642/763 641/761
f 560/597 559/596 561/598
f 561/598 562/599 560/597
f 42/806 276/804 655/805
f 655/805 656/807 42/806
f 356/1574 164/1575 163/1572
f 163/1572 357/1573 356/1574
f 712/1076 713/1077 717/1065
f 717/1065 716/1063 712/1076
f 766/1251 310/1253 308/1252
f 308/1252 232/1250 766/1251
f 564/601 567/604 568/605
f 568/605 569/606 564/601
f 772/1274 294/1275 293/1272
f 293/1272 771/1273 772/1274
f 139/1088 145/1089 722/1090
f 722/1090 140/1091 139/1088
f 729/1115 161/1114 355/1116
f 355/1116 359/1117 729/1115
f 133/170 134/171 135/172
f 135/172 136/173 133/170
f 267/304 268/305 269/306
f 269/306 270/307 267/304
f 384/689 394/691 614/690
f 614/690 613/688 384/689
f 537/2023 505/2024 802/2025
f 802/2025 798/2026 537/2023
f 450/833 668/831 667/829
f 667/829 451/834 450/833
f 399/436 395/432 398/435
f 398/435 400/437 399/436
f 105/142 106/143 107/144
f 107/144 108/145 105/142
f 563/2187 562/2188 817/2185
f 817/2185 818/2186 563/2187
f 797/1857 796/1861 448/1860
f 448/1860 446/1858 797/1857
f 797/1849 795/1847 794/1846
f 794/1846 796/1848 797/1849
f 898/1977 897/1976 425/1982
f 425/1982 424/1983 898/1977
f 326/1628 206/1629 205/1630
f 205/1630 327/1631 326/1628
f 681/1790 685/1791 275/1788
f 275/1788 42/1789 681/1790
f 412/832 651/798 668/831
f 668/831 450/833 412/832
f 27/64 28/65 29/66
f 29/66 30/67 27/64
f 715/1672 711/1673 371/1674
f 371/1674 364/1675 715/1672
f 53/90 51/88 52/89
f 52/89 54/91 53/90
f 339/376 335/372 338/375
f 338/375 340/377 339/376
f 743/1168 187/1177 189/1172
f 189/1172 744/1169 743/1168
f 645/769 539/777 542/778
f 542/778 646/771 645/769
f 901/2073 898/2074 424/2071
f 424/2071 433/2072 901/2073
f 340/828 350/826 666/827
f 666/827 667/829 340/828
f 823/2045 821/2046 557/2043
f 557/2043 556/2044 823/2045
f 286/1598 262/1599 261/1596
f 261/1596 287/1597 286/1598
f 516/2293 518/2294 841/2295
f 841/2295 843/2296 516/2293
f 726/1105 360/1107 358/1106
f 358/1106 162/1104 726/1105
f 55/1778 62/1779 686/1776
f 686/1776 682/1777 55/1778
f 606/659 452/666 456/667
f 456/667 607/661 606/659
f 155/1466 156/1467 157/1464
f 157/1464 160/1465 155/1466
f 641/761 642/763 235/762
f 235/762 249/760 641/761
f 618/698 27/699 30/700
f 30/700 619/701 618/698
f 604/655 444/664 447/665
f 447/665 605/657 604/655
f 842/2297 841/2295 518/2294
f 518/2294 520/2298 842/2297
f 636/751 637/753 69/752
f 69/752 68/750 636/751
f 767/1258 229/1267 231/1262
f 231/1262 768/1259 767/1258
f 599/643 603/653 303/652
f 303/652 293/644 599/643
f 640/759 641/761 249/760
f 249/760 63/758 640/759
f 546/583 547/584 548/585
f 548/585 549/586 546/583
f 872/2133 870/2134 485/2131
f 485/2131 484/2132 872/2133
f 895/1974 893/1972 891/1970
f 891/1970 894/1973 895/1974
f 90/928 89/929 650/927
f 650/927 81/925 90/928
f 826/1896 827/1897 828/1898
f 828/1898 830/1900 826/1896
f 80/956 74/946 67/948
f 67/948 71/957 80/956
f 812/1879 813/1880 814/1881
f 814/1881 816/1883 812/1879
f 774/1281 300/1283 298/1282
f 298/1282 246/1280 774/1281
f 429/855 672/853 673/857
f 673/857 427/858 429/855
f 794/1846 791/1842 793/1844
f 793/1844 796/1848 794/1846
f 170/1527 166/1529 172/1528
f 172/1528 171/1524 170/1527
f 799/1851 800/1855 540/1854
f 540/1854 538/1852 799/1851
f 891/1970 890/1969 892/1971
f 892/1971 894/1973 891/1970
f 856/1926 859/1929 854/1924
f 854/1924 855/1925 856/1926
f 255/292 256/293 257/294
f 257/294 258/295 255/292
f 639/756 521/789 526/790
f 526/790 640/759 639/756
f 113/1446 114/1447 115/1444
f 115/1444 118/1445 113/1446
f 85/122 81/118 84/121
f 84/121 86/123 85/122
f 569/606 568/605 570/607
f 570/607 571/608 569/606
f 877/1953 876/1952 498/1958
f 498/1958 476/1959 877/1953
f 555/592 558/595 559/596
f 559/596 560/597 555/592
f 606/659 607/661 343/660
f 343/660 333/658 606/659
f 717/1688 713/1689 379/1690
f 379/1690 370/1691 717/1688
f 275/312 271/308 274/311
f 274/311 276/313 275/312
f 89/748 68/750 649/794
f 649/794 650/795 89/748
f 912/1994 911/1993 913/1995
f 913/1995 914/1996 912/1994
f 99/136 97/134 96/133
f 96/133 100/137 99/136
f 344/717 354/719 628/718
f 628/718 627/716 344/717
f 867/1940 866/1939 861/1934
f 861/1934 865/1938 867/1940
f 726/1836 721/1837 369/1838
f 369/1838 360/1839 726/1836
f 56/906 55/907 682/905
f 682/905 51/904 56/906
f 93/130 91/128 90/127
f 90/127 94/131 93/130
f 174/1152 173/1147 167/1146
f 167/1146 169/1153 174/1152
f 867/2199 865/2200 443/2197
f 443/2197 441/2198 867/2199
f 417/848 653/801 652/799
f 652/799 416/849 417/848
f 580/2063 579/2064 854/2065
f 854/2065 859/2066 580/2063
f 73/110 76/113 77/114
f 77/114 78/115 73/110
f 481/2127 480/2128 871/2129
f 871/2129 873/2130 481/2127
f 470/507 469/506 471/508
f 471/508 472/509 470/507
f 66/1497 64/1499 264/1498
f 264/1498 263/1494 66/1497
f 579/1933 586/1931 855/1925
f 855/1925 854/1924 579/1933
f 67/948 74/946 649/947
f 649/947 68/949 67/948
f 304/709 314/711 624/710
f 624/710 623/708 304/709
f 916/2276 914/2280 438/2279
f 438/2279 436/2277 916/2276
f 366/1626 150/1627 149/1624
f 149/1624 367/1625 366/1626
f 684/912 265/921 267/910
f 267/910 683/911 684/912
f 531/568 509/546 510/547
f 510/547 532/569 531/568
f 331/368 332/369 333/370
f 333/370 334/371 331/368
f 442/479 416/453 412/449
f 412/449 444/481 442/479
f 782/1309 290/1311 288/1310
f 288/1310 260/1308 782/1309
f 383/1700 392/1701 696/1702
f 696/1702 699/1703 383/1700
f 91/968 84/969 690/966
f 690/966 92/967 91/968
f 639/756 640/759 63/758
f 63/758 55/757 639/756
f 790/1337 276/1339 274/1338
f 274/1338 268/1336 790/1337
f 310/796 320/797 651/798
f 651/798 652/799 310/796
f 728/1414 729/1415 734/1416
f 734/1416 731/1417 728/1414
f 225/1482 226/1483 227/1480
f 227/1480 230/1481 225/1482
f 473/2211 472/2212 880/2209
f 880/2209 881/2210 473/2211
f 116/153 120/157 119/156
f 119/156 117/154 116/153
f 179/1578 168/1579 738/1576
f 738/1576 741/1577 179/1578
f 744/1196 745/1197 749/1185
f 749/1185 748/1183 744/1196
f 406/443 410/447 409/446
f 409/446 407/444 406/443
f 305/342 306/343 307/344
f 307/344 308/345 305/342
f 581/2271 580/2272 859/2269
f 859/2269 860/2270 581/2271
f 183/220 181/218 180/217
f 180/217 184/221 183/220
f 770/1402 767/1403 772/1404
f 772/1404 773/1405 770/1402
f 649/940 630/941 629/926
f 629/926 650/927 649/940
f 343/1798 352/1799 728/1796
f 728/1796 731/1797 343/1798
f 167/204 168/205 165/202
f 165/202 166/203 167/204
f 777/1291 245/1286 295/1292
f 295/1292 299/1293 777/1291
f 634/747 569/784 573/785
f 573/785 635/749 634/747
f 83/962 88/971 410/970
f 410/970 406/964 83/962
f 780/1302 284/1303 283/1300
f 283/1300 779/1301 780/1302
f 799/1871 798/1869 804/1868
f 804/1868 800/1870 799/1871
f 735/1138 173/1147 175/1142
f 175/1142 736/1139 735/1138
f 40/1562 78/1563 77/1560
f 77/1560 39/1561 40/1562
f 368/1066 367/1075 149/1074
f 149/1074 148/1064 368/1066
f 256/293 260/297 259/296
f 259/296 257/294 256/293
f 711/1046 131/1055 133/1050
f 133/1050 712/1047 711/1046
f 818/2186 816/2190 565/2189
f 565/2189 563/2187 818/2186
f 416/849 652/799 651/798
f 651/798 412/832 416/849
f 710/1752 705/1753 389/1754
f 389/1754 380/1755 710/1752
f 143/180 144/181 145/182
f 145/182 146/183 143/180
f 335/372 336/373 337/374
f 337/374 338/375 335/372
f 732/1802 727/1803 351/1800
f 351/1800 344/1801 732/1802
f 361/398 362/399 363/400
f 363/400 364/401 361/398
f 63/1650 252/1651 786/1648
f 786/1648 789/1649 63/1650
f 769/1263 231/1262 305/1264
f 305/1264 309/1265 769/1263
f 776/1288 243/1295 245/1286
f 245/1286 775/1287 776/1288
f 553/2039 552/2040 822/2041
f 822/2041 824/2042 553/2039
f 81/118 82/119 83/120
f 83/120 84/121 81/118
f 895/2246 894/2250 457/2249
f 457/2249 455/2247 895/2246
f 418/2143 415/2144 862/2145
f 862/2145 864/2146 418/2143
f 228/265 232/269 231/268
f 231/268 229/266 228/265
f 73/945 78/955 40/954
f 40/954 38/951 73/945
f 393/1640 402/1641 688/1642
f 688/1642 691/1643 393/1640
f 294/707 304/709 623/708
f 623/708 622/706 294/707
f 429/466 427/464 428/465
f 428/465 430/467 429/466
f 156/1467 152/1471 158/1470
f 158/1470 157/1464 156/1467
f 320/797 330/830 668/831
f 668/831 651/798 320/797
f 634/747 635/749 89/748
f 89/748 95/746 634/747
f 319/356 315/352 318/355
f 318/355 320/357 319/356
f 601/648 432/679 434/678
f 434/678 600/646 601/648
f 284/705 294/707 622/706
f 622/706 621/704 284/705
f 710/1041 380/1043 378/1042
f 378/1042 134/1040 710/1041
f 702/1011 390/1013 388/1012
f 388/1012 120/1010 702/1011
f 398/982 397/985 107/984
f 107/984 106/980 398/982
f 58/754 638/755 639/756
f 639/756 55/757 58/754
f 673/857 49/862 44/861
f 44/861 43/860 673/857
f 465/502 468/505 469/506
f 469/506 470/507 465/502
f 572/2193 571/2194 810/2191
f 810/2191 811/2192 572/2193
f 916/1998 915/1997 912/1994
f 912/1994 914/1996 916/1998
f 570/2221 587/2222 806/2223
f 806/2223 805/2224 570/2221
f 865/2093 863/2094 414/2091
f 414/2091 443/2092 865/2093
f 826/1896 831/1901 829/1899
f 829/1899 827/1897 826/1896
f 289/326 285/322 288/325
f 288/325 290/327 289/326
f 648/775 631/742 137/741
f 137/741 151/774 648/775
f 767/1258 768/1259 302/1260
f 302/1260 301/1261 767/1258
f 808/2225 806/2223 587/2222
f 587/2222 575/2226 808/2225
f 549/724 627/716 628/718
f 628/718 550/725 549/724
f 129/166 130/167 131/168
f 131/168 132/169 129/166
f 840/1910 844/1914 843/1913
f 843/1913 841/1911 840/1910
f 207/1808 196/1809 754/1810
f 754/1810 757/1811 207/1808
f 760/1362 761/1363 766/1364
f 766/1364 763/1365 760/1362
f 811/2192 809/2196 574/2195
f 574/2195 572/2193 811/2192
f 208/1218 207/1219 757/1220
f 757/1220 214/1221 208/1218
f 780/1716 776/1717 291/1718
f 291/1718 284/1719 780/1716
f 230/1481 229/1485 223/1484
f 223/1484 225/1482 230/1481
f 186/223 190/227 189/226
f 189/226 187/224 186/223
f 786/1366 783/1367 788/1368
f 788/1368 789/1369 786/1366
f 323/1746 332/1747 744/1744
f 744/1744 748/1745 323/1746
f 608/663 591/630 363/629
f 363/629 353/662 608/663
f 680/1782 684/1783 279/1780
f 279/1780 30/1781 680/1782
f 886/2117 884/2118 467/2115
f 467/2115 466/2116 886/2117
f 114/1447 110/1449 116/1448
f 116/1448 115/1444 114/1447
f 124/1036 123/1037 709/1038
f 709/1038 130/1039 124/1036
f 371/408 372/409 373/410
f 373/410 374/411 371/408
f 576/730 615/692 616/694
f 616/694 577/731 576/730
f 608/663 461/668 465/669
f 465/669 591/630 608/663
f 888/1967 887/1966 882/1961
f 882/1961 886/1965 888/1967
f 849/1919 852/1922 847/1917
f 847/1917 848/1918 849/1919
f 293/1766 302/1767 768/1764
f 768/1764 771/1765 293/1766
f 348/1134 347/1137 177/1136
f 177/1136 176/1132 348/1134
f 464/2205 463/2206 887/2203
f 887/2203 888/2204 464/2205
f 436/2277 435/2278 915/2275
f 915/2275 916/2276 436/2277
f 447/484 448/485 449/486
f 449/486 450/487 447/484
f 646/771 542/778 546/779
f 546/779 647/773 646/771
f 214/251 218/255 217/254
f 217/254 215/252 214/251
f 489/2161 496/2162 904/2163
f 904/2163 903/2164 489/2161
f 299/336 295/332 298/335
f 298/335 300/337 299/336
f 685/915 267/910 271/916
f 271/916 275/917 685/915
f 142/1439 138/1443 144/1442
f 144/1442 143/1440 142/1439
f 437/474 438/475 419/456
f 419/456 421/458 437/474
f 545/2241 544/2242 837/2239
f 837/2239 839/2240 545/2241
f 521/558 522/559 520/557
f 520/557 519/556 521/558
f 491/2289 490/2290 908/2287
f 908/2287 909/2288 491/2289
f 227/264 228/265 229/266
f 229/266 230/267 227/264
f 747/1750 743/1751 331/1748
f 331/1748 324/1749 747/1750
f 544/2031 543/2032 833/2033
f 833/2033 837/2034 544/2031
f 469/838 663/821 662/819
f 662/819 477/839 469/838
f 821/1888 820/1887 589/1893
f 589/1893 557/1894 821/1888
f 99/1546 100/1547 101/1548
f 101/1548 104/1549 99/1546
f 758/1822 753/1823 329/1820
f 329/1820 320/1821 758/1822
f 197/1472 198/1473 199/1474
f 199/1474 202/1475 197/1472
f 856/1926 855/1925 857/1927
f 857/1927 858/1928 856/1926
f 311/348 312/349 313/350
f 313/350 314/351 311/348
f 836/2255 834/2253 590/2252
f 590/2252 548/2256 836/2255
f 600/646 434/678 437/677
f 437/677 598/642 600/646
f 819/1886 824/1891 822/1889
f 822/1889 820/1887 819/1886
f 819/1886 820/1887 821/1888
f 821/1888 823/1890 819/1886
f 515/2299 512/2300 848/2301
f 848/2301 847/2302 515/2299
f 914/2081 913/2082 419/2079
f 419/2079 438/2080 914/2081
f 632/743 560/782 564/783
f 564/783 633/745 632/743
f 434/471 422/459 423/460
f 423/460 435/472 434/471
f 390/818 400/816 661/817
f 661/817 662/819 390/818
f 445/2095 411/2096 792/2097
f 792/2097 795/2098 445/2095
f 241/278 242/279 243/280
f 243/280 244/281 241/278
f 881/2210 879/2214 475/2213
f 475/2213 473/2211 881/2210
f 94/1503 90/1509 81/1508
f 81/1508 85/1504 94/1503
f 41/902 45/909 47/908
f 47/908 50/903 41/902
f 536/573 504/541 505/542
f 505/542 537/574 536/573
f 358/1106 357/1109 163/1108
f 163/1108 162/1104 358/1106
f 441/2198 440/2202 866/2201
f 866/2201 867/2199 441/2198
f 240/1489 236/1491 242/1490
f 242/1490 241/1486 240/1489
f 646/771 647/773 165/772
f 165/772 179/770 646/771
f 237/274 238/275 235/272
f 235/272 236/273 237/274
f 279/316 280/317 277/314
f 277/314 278/315 279/316
f 488/525 487/524 489/526
f 489/526 490/527 488/525
f 759/1228 215/1237 217/1232
f 217/1232 760/1229 759/1228
f 380/820 390/818 662/819
f 662/819 663/821 380/820
f 395/432 396/433 397/434
f 397/434 398/435 395/432
f 607/661 608/663 353/662
f 353/662 343/660 607/661
f 719/1080 145/1089 147/1084
f 147/1084 720/1081 719/1080
f 778/1386 776/1387 780/1388
f 780/1388 781/1389 778/1386
f 809/2061 808/2062 575/2059
f 575/2059 574/2060 809/2061
f 237/1294 243/1295 778/1296
f 778/1296 238/1297 237/1294
f 800/2029 803/2030 501/2027
f 501/2027 540/2028 800/2029
f 708/1034 374/1035 373/1032
f 373/1032 707/1033 708/1034
f 354/719 364/686 612/685
f 612/685 628/718 354/719
f 251/288 252/289 249/286
f 249/286 250/287 251/288
f 428/1984 425/1982 897/1976
f 897/1976 899/1978 428/1984
f 835/1905 837/1907 833/1903
f 833/1903 834/1904 835/1905
f 209/246 210/247 207/244
f 207/244 208/245 209/246
f 724/1098 354/1099 353/1096
f 353/1096 723/1097 724/1098
f 160/1465 159/1469 153/1468
f 153/1468 155/1466 160/1465
f 601/648 600/646 277/647
f 277/647 29/649 601/648
f 677/879 36/881 35/883
f 35/883 76/884 677/879
f 657/808 43/809 42/806
f 42/806 656/807 657/808
f 482/2216 481/2220 873/2219
f 873/2219 874/2217 482/2216
f 554/2180 553/2184 824/2183
f 824/2183 825/2181 554/2180
f 711/1046 712/1047 372/1048
f 372/1048 371/1049 711/1046
f 480/1950 497/1948 869/1942
f 869/1942 871/1944 480/1950
f 812/1879 817/1884 815/1882
f 815/1882 813/1880 812/1879
f 254/1519 250/1523 256/1522
f 256/1522 255/1516 254/1519
f 745/1173 189/1172 335/1174
f 335/1174 339/1175 745/1173
f 732/1126 344/1127 343/1124
f 343/1124 731/1125 732/1126
f 734/1133 350/1135 348/1134
f 348/1134 176/1132 734/1133
f 600/646 598/642 283/645
f 283/645 277/647 600/646
f 766/1694 761/1695 319/1692
f 319/1692 310/1693 766/1694
f 697/991 105/990 395/992
f 395/992 399/993 697/991
f 870/1943 869/1942 497/1948
f 497/1948 485/1949 870/1943
f 298/1282 297/1285 247/1284
f 247/1284 246/1280 298/1282
f 388/1012 387/1015 121/1014
f 121/1014 120/1010 388/1012
f 788/1656 783/1657 281/1658
f 281/1658 278/1659 788/1656
f 432/469 426/463 422/459
f 422/459 434/471 432/469
f 363/1668 372/1669 712/1670
f 712/1670 716/1671 363/1668
f 730/1418 727/1419 732/1420
f 732/1420 733/1421 730/1418
f 874/2217 872/2218 484/2215
f 484/2215 482/2216 874/2217
f 325/362 326/363 327/364
f 327/364 328/365 325/362
f 782/1724 777/1725 299/1726
f 299/1726 290/1727 782/1724
f 211/1540 212/1541 213/1538
f 213/1538 216/1539 211/1540
f 83/120 82/119 87/124
f 87/124 88/125 83/120
f 197/234 195/232 194/231
f 194/231 198/235 197/234
f 61/920 265/921 686/918
f 686/918 62/919 61/920
f 102/139 106/143 105/142
f 105/142 103/140 102/139
f 592/631 470/670 474/671
f 474/671 593/633 592/631
f 722/1434 719/1435 724/1436
f 724/1436 725/1437 722/1434
f 394/691 404/693 615/692
f 615/692 614/690 394/691
f 534/571 535/572 506/543
f 506/543 508/545 534/571
f 235/1762 224/1763 770/1760
f 770/1760 773/1761 235/1762
f 860/2270 858/2274 583/2273
f 583/2273 581/2271 860/2270
f 37/74 38/75 35/72
f 35/72 36/73 37/74
f 315/352 316/353 317/354
f 317/354 318/355 315/352
f 721/1085 147/1084 365/1086
f 365/1086 369/1087 721/1085
f 161/1114 164/1123 356/1122
f 356/1122 355/1116 161/1114
f 647/773 546/779 551/780
f 551/780 648/775 647/773
f 118/1030 117/1025 111/1024
f 111/1024 113/1031 118/1030
f 761/1233 217/1232 315/1234
f 315/1234 319/1235 761/1233
f 435/2075 423/2076 910/2077
f 910/2077 915/2078 435/2075
f 527/2011 515/2012 847/2013
f 847/2013 852/2014 527/2011
f 708/1034 707/1033 134/1040
f 134/1040 130/1039 708/1034
f 509/737 622/706 623/708
f 623/708 508/720 509/737
f 446/1858 445/1859 795/1856
f 795/1856 797/1857 446/1858
f 851/2009 850/2010 511/2007
f 511/2007 530/2008 851/2009
f 403/636 32/638 609/682
f 609/682 610/683 403/636
f 385/422 386/423 387/424
f 387/424 388/425 385/422
f 132/1060 131/1055 125/1054
f 125/1054 127/1061 132/1060
f 804/1868 798/1869 802/1865
f 802/1865 801/1864 804/1868
f 564/601 565/602 566/603
f 566/603 567/604 564/601
f 70/887 69/888 678/886
f 678/886 75/885 70/887
f 775/1378 777/1379 782/1380
f 782/1380 779/1381 775/1378
f 381/418 382/419 383/420
f 383/420 384/421 381/418
f 369/406 365/402 368/405
f 368/405 370/407 369/406
f 692/1636 687/1637 401/1638
f 401/1638 394/1639 692/1636
f 432/469 433/470 424/461
f 424/461 426/463 432/469
f 290/802 300/800 653/801
f 653/801 654/803 290/802
f 271/308 272/309 273/310
f 273/310 274/311 271/308
f 378/1042 377/1045 135/1044
f 135/1044 134/1040 378/1042
f 636/751 578/786 582/787
f 582/787 637/753 636/751
f 490/2135 489/2136 903/2137
f 903/2137 908/2138 490/2135
f 189/226 190/227 191/228
f 191/228 192/229 189/226
f 96/978 95/979 693/976
f 693/976 102/977 96/978
f 109/1698 98/1699 698/1696
f 698/1696 701/1697 109/1698
f 845/2001 842/2002 520/1999
f 520/1999 522/2000 845/2001
f 462/2149 499/2150 883/2151
f 883/2151 885/2152 462/2149
f 884/2153 883/2151 499/2150
f 499/2150 467/2154 884/2153
f 345/382 346/383 347/384
f 347/384 348/385 345/382
f 477/839 662/819 661/817
f 661/817 478/840 477/839
f 510/2233 507/2234 827/2235
f 827/2235 829/2236 510/2233
f 259/1318 262/1327 286/1326
f 286/1326 285/1320 259/1318
f 250/1304 249/1305 781/1306
f 781/1306 256/1307 250/1304
f 468/837 664/823 663/821
f 663/821 469/838 468/837
f 75/112 76/113 73/110
f 73/110 74/111 75/112
f 868/1941 869/1942 870/1943
f 870/1943 872/1945 868/1941
f 251/1322 257/1323 786/1324
f 786/1324 252/1325 251/1322
f 644/767 536/776 539/777
f 539/777 645/769 644/767
f 203/240 204/241 205/242
f 205/242 206/243 203/240
f 541/723 626/714 627/716
f 627/716 549/724 541/723
f 740/1156 334/1157 333/1154
f 333/1154 739/1155 740/1156
f 281/318 282/319 283/320
f 283/320 284/321 281/318
f 882/1961 883/1962 884/1963
f 884/1963 886/1965 882/1961
f 166/1128 165/1129 733/1130
f 733/1130 172/1131 166/1128
f 423/2167 420/2168 911/2169
f 911/2169 910/2170 423/2167
f 780/1302 779/1301 260/1308
f 260/1308 256/1307 780/1302
f 202/1475 201/1477 195/1476
f 195/1476 197/1472 202/1475
f 727/1110 728/1111 352/1112
f 352/1112 351/1113 727/1110
f 313/1812 322/1813 752/1814
f 752/1814 755/1815 313/1812
f 807/1874 810/1877 805/1872
f 805/1872 806/1873 807/1874
f 28/854 672/853 429/855
f 429/855 602/856 28/854
f 453/2155 500/2156 890/2157
f 890/2157 889/2158 453/2155
f 301/338 302/339 303/340
f 303/340 304/341 301/338
f 561/2227 588/2228 813/2229
f 813/2229 815/2230 561/2227
f 37/810 36/811 658/812
f 658/812 659/813 37/810
f 759/1228 760/1229 312/1230
f 312/1230 311/1231 759/1228
f 905/1987 908/1990 903/1985
f 903/1985 904/1986 905/1987
f 840/1910 841/1911 842/1912
f 842/1912 845/1915 840/1910
f 360/824 370/822 664/823
f 664/823 665/825 360/824
f 49/86 50/87 47/84
f 47/84 48/85 49/86
f 796/2101 793/2102 449/2099
f 449/2099 448/2100 796/2101
f 258/1517 257/1521 251/1520
f 251/1520 253/1518 258/1517
f 115/152 116/153 117/154
f 117/154 118/155 115/152
f 593/633 474/671 479/672
f 479/672 594/635 593/633
f 585/891 617/893 34/892
f 34/892 676/876 585/891
f 609/938 670/939 669/931
f 669/931 610/930 609/938
f 389/426 385/422 388/425
f 388/425 390/427 389/426
f 161/198 162/199 163/200
f 163/200 164/201 161/198
f 172/209 176/213 175/212
f 175/212 173/210 172/209
f 875/1951 880/1956 878/1954
f 878/1954 876/1952 875/1951
f 742/1590 737/1591 349/1588
f 349/1588 340/1589 742/1590
f 306/1606 234/1607 233/1604
f 233/1604 307/1605 306/1606
f 644/767 645/769 193/768
f 193/768 207/766 644/767
f 514/735 620/702 621/704
f 621/704 513/736 514/735
f 141/178 139/176 138/175
f 138/175 142/179 141/178
f 359/396 355/392 358/395
f 358/395 360/397 359/396
f 756/1216 755/1215 218/1222
f 218/1222 214/1221 756/1216
f 749/1756 745/1757 339/1758
f 339/1758 330/1759 749/1756
f 732/1126 731/1125 176/1132
f 176/1132 172/1131 732/1126
f 171/208 172/209 173/210
f 173/210 174/211 171/208
f 529/566 513/550 509/546
f 509/546 531/568 529/566
f 573/610 574/611 575/612
f 575/612 576/613 573/610
f 690/1358 687/1359 692/1360
f 692/1360 693/1361 690/1358
f 200/237 204/241 203/240
f 203/240 201/238 200/237
f 863/2147 862/2145 415/2144
f 415/2144 414/2148 863/2147
f 61/98 62/99 63/100
f 63/100 64/101 61/98
f 379/416 375/412 378/415
f 378/415 380/417 379/416
f 629/926 610/930 82/924
f 82/924 81/925 629/926
f 128/1453 124/1455 130/1454
f 130/1454 129/1450 128/1453
f 400/816 408/814 660/815
f 660/815 661/817 400/816
f 703/1016 117/1025 119/1020
f 119/1020 704/1017 703/1016
f 79/116 75/112 74/111
f 74/111 80/117 79/116
f 638/755 524/788 521/789
f 521/789 639/756 638/755
f 57/871 52/863 674/864
f 674/864 58/869 57/871
f 213/250 214/251 215/252
f 215/252 216/253 213/250
f 909/2288 907/2292 493/2291
f 493/2291 491/2289 909/2288
f 181/218 182/219 179/216
f 179/216 180/217 181/218
f 882/1961 887/1966 885/1964
f 885/1964 883/1962 882/1961
f 28/650 602/651 601/648
f 601/648 29/649 28/650
f 59/96 57/94 56/93
f 56/93 60/97 59/96
f 259/296 260/297 261/298
f 261/298 262/299 259/296
f 593/633 594/635 393/634
f 393/634 383/632 593/633
f 738/1350 735/1351 740/1352
f 740/1352 741/1353 738/1350
f 459/835 666/827 665/825
f 665/825 460/836 459/835
f 705/1021 119/1020 385/1022
f 385/1022 389/1023 705/1021
f 681/900 42/901 41/902
f 41/902 50/903 681/900
f 349/386 345/382 348/385
f 348/385 350/387 349/386
f 336/1616 192/1617 191/1618
f 191/1618 337/1619 336/1616
f 642/763 531/792 534/793
f 534/793 643/765 642/763
f 868/1941 873/1946 871/1944
f 871/1944 869/1942 868/1941
f 276/804 290/802 654/803
f 654/803 655/805 276/804
f 700/1704 695/1705 391/1706
f 391/1706 384/1707 700/1704
f 93/1502 94/1503 85/1504
f 85/1504 86/1505 93/1502
f 902/1981 900/1979 896/1975
f 896/1975 901/1980 902/1981
f 746/1198 743/1199 747/1182
f 747/1182 750/1192 746/1198
f 630/942 609/943 32/944
f 32/944 31/953 630/942
f 694/1644 689/1645 405/1646
f 405/1646 400/1647 694/1644
f 783/1314 784/1315 282/1316
f 282/1316 281/1317 783/1314
f 263/300 264/301 265/302
f 265/302 266/303 263/300
f 598/642 437/677 439/676
f 439/676 599/643 598/642
f 539/576 503/540 541/578
f 541/578 542/579 539/576
f 198/1473 194/1479 200/1478
f 200/1478 199/1474 198/1473
f 785/1319 259/1318 285/1320
f 285/1320 289/1321 785/1319
f 72/1513 70/1515 75/1514
f 75/1514 79/1510 72/1513
f 274/1338 273/1341 269/1340
f 269/1340 268/1336 274/1338
f 442/479 443/480 414/451
f 414/451 416/453 442/479
f 38/75 40/77 39/76
f 39/76 35/72 38/75
f 141/1438 142/1439 143/1440
f 143/1440 146/1441 141/1438
f 223/1266 229/1267 770/1268
f 770/1268 224/1269 223/1266
f 788/1330 278/1331 277/1328
f 277/1328 787/1329 788/1330
f 582/619 583/620 584/621
f 584/621 585/622 582/619
f 351/388 352/389 353/390
f 353/390 354/391 351/388
f 912/1994 915/1997 910/1992
f 910/1992 911/1993 912/1994
f 175/1142 178/1151 346/1150
f 346/1150 345/1144 175/1142
f 137/1666 126/1667 714/1664
f 714/1664 718/1665 137/1666
f 715/1062 716/1063 148/1064
f 148/1064 144/1073 715/1062
f 692/974 691/973 106/980
f 106/980 102/977 692/974
f 185/222 186/223 187/224
f 187/224 188/225 185/222
f 582/890 585/891 676/876
f 676/876 678/886 582/890
f 751/1200 201/1209 203/1204
f 203/1204 752/1201 751/1200
f 111/148 112/149 109/146
f 109/146 110/147 111/148
f 696/1374 697/1375 702/1376
f 702/1376 699/1377 696/1374
f 329/366 325/362 328/365
f 328/365 330/367 329/366
f 183/1532 184/1533 185/1530
f 185/1530 188/1531 183/1532
f 891/1970 893/1972 889/1968
f 889/1968 890/1969 891/1970
f 189/1172 192/1181 336/1180
f 336/1180 335/1174 189/1172
f 266/1495 265/1501 61/1500
f 61/1500 65/1496 266/1495
f 151/1826 140/1827 722/1824
f 722/1824 725/1825 151/1826
f 328/1186 327/1195 205/1194
f 205/1194 204/1184 328/1186
f 146/1094 145/1089 139/1088
f 139/1088 141/1095 146/1094
f 642/763 643/765 221/764
f 221/764 235/762 642/763
f 513/736 621/704 622/706
f 622/706 509/737 513/736
f 751/1200 752/1201 322/1202
f 322/1202 321/1203 751/1200
f 605/657 447/665 452/666
f 452/666 606/659 605/657
f 825/2181 823/2182 556/2179
f 556/2179 554/2180 825/2181
f 452/489 451/488 453/490
f 453/490 454/491 452/489
f 272/1594 270/1595 269/1592
f 269/1592 273/1593 272/1594
f 839/1909 837/1907 835/1905
f 835/1905 838/1908 839/1909
f 720/1430 721/1431 726/1432
f 726/1432 723/1433 720/1430
f 496/533 487/524 495/532
f 564/601 563/600 565/602
f 675/875 677/879 76/884
f 707/1033 710/1041 134/1040
f 578/615 580/617 581/618
f 492/529 491/528 493/530
f 725/1102 724/1098 158/1103
f 768/1259 231/1262 769/1263
f 582/619 581/618 583/620
f 521/558 523/560 522/559
f 442/479 441/478 443/480
f 739/1155 742/1163 190/1162
f 515/552 514/551 512/549
f 524/561 525/562 523/560
f 534/571 533/570 535/572
f 418/455 417/454 415/452
f 456/493 455/492 457/494
f 539/576 538/575 540/577
f 784/1315 259/1318 785/1319
f 411/448 412/449 413/450
f 489/526 487/524 496/533
f 542/579 544/581 545/582
f 502/539 504/541 503/540
f 679/897 681/900 50/903
f 752/1201 203/1204 753/1205
f 512/549 514/551 513/550
f 420/457 422/459 421/458
f 449/486 413/450 450/487
f 723/1097 726/1105 162/1104
f 569/606 571/608 572/609
f 479/516 481/518 482/519
f 720/1081 147/1084 721/1085
f 506/543 507/544 508/545
f 501/538 502/539 503/540
f 461/498 464/501 465/502
f 778/1296 243/1295 776/1288
f 779/1301 782/1309 260/1308
f 609/943 73/945 670/950
f 736/1139 175/1142 737/1143
f 548/585 590/627 549/586
f 536/573 537/574 538/575
f 557/594 589/626 558/595
f 444/481 445/482 446/483
f 470/507 472/509 473/510
f 429/466 431/468 432/469
f 474/511 473/510 475/512
f 775/1287 245/1286 777/1291
f 551/588 554/591 555/592
f 498/535 469/506 477/514
f 439/476 440/477 441/478
f 683/911 267/910 685/915
f 560/597 563/600 564/601
f 488/525 491/528 492/529
f 586/623 577/614 585/622
f 570/607 568/605 587/624
f 500/537 451/488 459/496
f 686/918 265/921 684/912
f 524/561 523/560 521/558
f 439/476 441/478 442/479
f 588/625 559/596 567/604
f 526/563 528/565 529/566
f 704/1017 119/1020 705/1021
f 476/513 498/535 477/514
f 569/606 572/609 573/610
f 696/987 105/990 697/991
f 762/1238 215/1237 759/1228
f 447/484 446/483 448/485
f 424/461 425/462 426/463
f 505/542 504/541 502/539
f 693/976 692/974 102/977
f 760/1229 217/1232 761/1233
f 471/508 469/506 498/535
f 494/531 496/533 495/532
f 575/612 587/624 576/613
f 730/1120 159/1119 727/1110
f 709/1038 708/1034 130/1039
f 688/959 83/962 689/963
f 555/592 554/591 556/593
f 510/547 509/546 507/544
f 546/583 545/582 547/584
f 746/1178 187/1177 743/1168
f 765/1248 764/1244 228/1249
f 712/1047 133/1050 713/1051
f 744/1169 189/1172 745/1173
f 452/489 455/492 456/493
f 561/598 559/596 588/625
f 432/469 431/468 433/470
f 714/1056 131/1055 711/1046
f 467/504 499/536 468/505
f 551/588 553/590 554/591
f 674/864 52/863 671/852
f 716/1063 717/1065 148/1064
f 682/905 680/898 51/904
f 488/525 490/527 491/528
f 678/886 676/876 75/885
f 733/1130 732/1126 172/1131
f 748/1183 749/1185 204/1184
f 423/460 422/459 420/457
f 770/1268 229/1267 767/1258
f 479/516 482/519 483/520
f 531/568 532/569 533/570
f 728/1111 161/1114 729/1115
f 610/930 669/931 82/924
f 529/566 528/565 530/567
f 701/1008 700/1004 116/1009
f 462/499 460/497 499/536
f 590/627 541/578 549/586
f 573/610 572/609 574/611
f 452/489 454/491 455/492
f 434/471 436/473 437/474
f 497/534 478/515 486/523
f 786/1324 257/1323 783/1314
f 507/544 509/546 508/545
f 718/1072 715/1062 144/1073
f 415/452 417/454 416/453
f 429/466 430/467 431/468
f 560/597 562/599 563/600
f 589/626 550/587 558/595
f 698/996 103/995 695/986
f 578/615 581/618 582/619
f 499/536 460/497 468/505
f 731/1125 734/1133 176/1132
f 763/1243 766/1251 232/1250
f 465/502 464/501 466/503
f 414/451 415/452 416/453
f 552/589 550/587 589/626
f 781/1306 780/1302 256/1307
f 587/624 568/605 576/613
f 690/966 84/969 687/958
f 413/450 412/449 450/487
f 531/568 533/570 534/571
f 755/1215 758/1223 218/1222
f 485/522 497/534 486/523
f 650/927 629/926 81/925
f 773/1278 772/1274 242/1279
f 511/548 512/549 513/550
f 419/456 420/457 421/458
f 722/1090 145/1089 719/1080
f 754/1210 201/1209 751/1200
f 434/471 435/472 436/473
f 428/465 427/464 425/462
f 787/1329 790/1337 268/1336
f 750/1192 747/1182 200/1193
f 425/462 427/464 426/463
f 566/603 588/625 567/604
f 579/616 577/614 586/623
f 461/498 463/500 464/501
f 649/947 74/946 630/942
f 741/1160 740/1156 186/1161
f 453/490 451/488 500/537
f 584/621 586/623 585/622
f 520/557 518/555 519/556
f 699/1003 702/1011 120/1010
f 536/573 538/575 539/576
f 526/563 527/564 528/565
f 444/481 446/483 447/484
f 757/1220 756/1216 214/1221
f 516/553 517/554 518/555
f 691/973 694/981 106/980
f 458/495 500/537 459/496
f 518/555 517/554 519/556
f 706/1026 117/1025 703/1016
f 738/1148 173/1147 735/1138
f 543/580 541/578 590/627
f 789/1334 788/1330 264/1335
f 480/517 478/515 497/534
f 483/520 482/519 484/521
f 672/853 49/862 673/857
f 542/579 545/582 546/583
f 470/507 473/510 474/511
f 771/1273 774/1281 246/1280
f 437/474 436/473 438/475
f 923/2313 924/2314 918/2311
f 918/2311 917/2312 923/2313
f 922/2325 920/2323 927/2322
f 927/2322 929/2326 922/2325
f 924/2327 928/2328 919/2329
f 919/2329 918/2330 924/2327
f 926/2317 925/2315 929/2320
f 929/2320 927/2318 926/2317
f 917/2312 921/2316 925/2315
f 925/2315 923/2313 917/2312
f 928/2321 927/2322 920/2323
f 920/2323 919/2324 928/2321
f 926/2317 927/2318 928/2319
f 928/2319 924/2314 926/2317
f 923/2313 925/2315 926/2317
f 926/2317 924/2314 923/2313
f 921/2331 922/2332 929/2333
f 929/2333 925/2334 921/2331
f 917/2305 919/2307 920/2308
f 920/2308 921/2309 917/2305
f 921/2309 920/2308 922/2310
f 917/2305 918/2306 919/2307
f 942/2347 940/2345 938/2343
f 938/2343 941/2346 942/2347
f 938/2343 937/2342 939/2344
f 939/2344 941/2346 938/2343
f 934/2350 932/2348 937/2342
f 937/2342 936/2341 934/2350
f 939/2344 937/2342 932/2348
f 932/2348 935/2349 939/2344
f 933/2357 934/2358 936/2355
f 936/2355 940/2356 933/2357
f 938/2343 940/2345 936/2341
f 936/2341 937/2342 938/2343
f 942/2361 941/2362 931/2359
f 931/2359 930/2360 942/2361
f 930/2360 933/2364 940/2363
f 940/2363 942/2361 930/2360
f 941/2351 939/2352 935/2353
f 935/2353 931/2354 941/2351
f 930/2335 931/2336 932/2337
f 932/2337 933/2338 930/2335
f 931/2336 935/2340 932/2337
f 933/2338 932/2337 934/2339
f 955/2383 950/2384 949/2385
f 949/2385 953/2380 955/2383
f 952/2379 953/2380 947/2377
f 947/2377 946/2378 952/2379
f 949/2371 950/2372 944/2373
f 944/2373 948/2374 949/2371
f 946/2378 943/2382 954/2381
f 954/2381 952/2379 946/2378
f 943/2393 945/2394 951/2391
f 951/2391 954/2392 943/2393
f 952/2379 954/2381 955/2383
f 955/2383 953/2380 952/2379
f 955/2383 954/2381 951/2386
f 951/2386 950/2384 955/2383
f 945/2375 944/2373 950/2372
f 950/2372 951/2376 945/2375
f 953/2387 949/2388 948/2389
f 948/2389 947/2390 953/2387
f 946/2368 947/2369 944/2366
f 944/2366 943/2365 946/2368
f 947/2369 948/2370 944/2366
f 943/2365 944/2366 945/2367
f 964/2403 963/2402 965/2404
f 965/2404 967/2406 964/2403
f 968/2407 966/2405 964/2403
f 964/2403 967/2406 968/2407
f 968/2420 967/2424 961/2423
f 961/2423 959/2421 968/2420
f 964/2403 966/2405 962/2401
f 962/2401 963/2402 964/2403
f 958/2410 957/2408 963/2402
f 963/2402 962/2401 958/2410
f 967/2413 965/2414 960/2411
f 960/2411 961/2412 967/2413
f 959/2421 956/2422 966/2419
f 966/2419 968/2420 959/2421
f 956/2415 958/2416 962/2417
f 962/2417 966/2418 956/2415
f 965/2404 963/2402 957/2408
f 957/2408 960/2409 965/2404
f 959/2398 960/2399 957/2396
f 957/2396 956/2395 959/2398
f 956/2395 957/2396 958/2397
f 959/2398 961/2400 960/2399
f 981/2437 980/2436 977/2433
f 977/2433 979/2435 981/2437
f 981/2451 979/2452 970/2449
f 970/2449 969/2450 981/2451
f 974/2440 972/2438 976/2432
f 976/2432 975/2431 974/2440
f 977/2433 980/2436 975/2431
f 975/2431 976/2432 977/2433
f 969/2450 973/2454 980/2453
f 980/2453 981/2451 969/2450
f 973/2445 974/2446 975/2447
f 975/2447 980/2448 973/2445
f 979/2441 978/2442 971/2443
f 971/2443 970/2444 979/2441
f 978/2434 976/2432 972/2438
f 972/2438 971/2439 978/2434
f 977/2433 976/2432 978/2434
f 978/2434 979/2435 977/2433
f 969/2425 971/2427 972/2428
f 972/2428 973/2429 969/2425
f 969/2425 970/2426 971/2427
f 973/2429 972/2428 974/2430
f 990/2463 992/2465 988/2461
f 988/2461 989/2462 990/2463
f 987/2470 985/2468 989/2462
f 989/2462 988/2461 987/2470
f 994/2480 993/2484 983/2483
f 983/2483 982/2481 994/2480
f 990/2463 989/2462 991/2464
f 991/2464 993/2466 990/2463
f 993/2477 991/2478 984/2475
f 984/2475 983/2476 993/2477
f 994/2467 992/2465 990/2463
f 990/2463 993/2466 994/2467
f 982/2481 986/2482 992/2479
f 992/2479 994/2480 982/2481
f 991/2464 989/2462 985/2468
f 985/2468 984/2469 991/2464
f 986/2471 987/2472 988/2473
f 988/2473 992/2474 986/2471
f 982/2455 984/2457 985/2458
f 985/2458 986/2459 982/2455
f 982/2455 983/2456 984/2457
f 986/2459 985/2458 987/2460
f 1005/2503 1003/2504 997/2501
f 997/2501 996/2502 1005/2503
f 1007/2511 1005/2512 996/2509
f 996/2509 995/2510 1007/2511
f 995/2510 999/2514 1006/2513
f 1006/2513 1007/2511 995/2510
f 1000/2500 998/2498 1002/2492
f 1002/2492 1004/2494 1000/2500
f 1003/2493 1002/2492 998/2498
f 998/2498 997/2499 1003/2493
f 1007/2497 1006/2496 1001/2491
f 1001/2491 1005/2495 1007/2497
f 1001/2491 1002/2492 1003/2493
f 1003/2493 1005/2495 1001/2491
f 1001/2491 1006/2496 1004/2494
f 1004/2494 1002/2492 1001/2491
f 999/2505 1000/2506 1004/2507
f 1004/2507 1006/2508 999/2505
f 995/2485 997/2487 998/2488
f 998/2488 999/2489 995/2485
f 999/2489 998/2488 1000/2490
f 995/2485 996/2486 997/2487
f 1010/2544 1009/2545 1018/2542
f 1018/2542 1020/2543 1010/2544
f 1016/2523 1018/2525 1014/2521
f 1014/2521 1015/2522 1016/2523
f 1020/2527 1018/2525 1016/2523
f 1016/2523 1019/2526 1020/2527
f 1009/2528 1013/2529 1014/2530
f 1014/2530 1018/2531 1009/2528
f 1016/2523 1015/2522 1017/2524
f 1017/2524 1019/2526 1016/2523
f 1020/2543 1019/2547 1011/2546
f 1011/2546 1010/2544 1020/2543
f 1017/2540 1015/2538 1008/2537
f 1008/2537 1012/2541 1017/2540
f 1019/2532 1017/2533 1012/2534
f 1012/2534 1011/2535 1019/2532
f 1013/2536 1008/2537 1015/2538
f 1015/2538 1014/2539 1013/2536
f 1010/2517 1011/2518 1008/2515
f 1008/2515 1009/2516 1010/2517
f 1009/2516 1008/2515 1013/2520
f 1011/2518 1012/2519 1008/2515
f 1027/2554 1028/2555 1029/2556
f 1029/2556 1032/2559 1027/2554
f 1033/2573 1032/2577 1026/2576
f 1026/2576 1024/2574 1033/2573
f 1029/2556 1028/2555 1022/2561
f 1022/2561 1025/2562 1029/2556
f 1033/2560 1031/2558 1027/2554
f 1027/2554 1032/2559 1033/2560
f 1027/2554 1031/2558 1030/2557
f 1030/2557 1028/2555 1027/2554
f 1021/2568 1023/2569 1030/2570
f 1030/2570 1031/2571 1021/2568
f 1024/2574 1021/2575 1031/2572
f 1031/2572 1033/2573 1024/2574
f 1023/2563 1022/2561 1028/2555
f 1028/2555 1030/2557 1023/2563
f 1032/2566 1029/2567 1025/2564
f 1025/2564 1026/2565 1032/2566
f 1024/2551 1025/2552 1022/2549
f 1022/2549 1021/2548 1024/2551
f 1021/2548 1022/2549 1023/2550
f 1024/2551 1026/2553 1025/2552
f 1040/2584 1044/2588 1043/2587
f 1043/2587 1041/2585 1040/2584
f 1045/2598 1042/2599 1039/2600
f 1039/2600 1035/2601 1045/2598
f 1046/2590 1044/2588 1040/2584
f 1040/2584 1045/2589 1046/2590
f 1046/2603 1045/2607 1035/2606
f 1035/2606 1034/2604 1046/2603
f 1040/2584 1041/2585 1042/2586
f 1042/2586 1045/2589 1040/2584
f 1034/2604 1037/2605 1044/2602
f 1044/2602 1046/2603 1034/2604
f 1037/2596 1038/2597 1043/2594
f 1043/2594 1044/2595 1037/2596
f 1038/2593 1036/2591 1041/2585
f 1041/2585 1043/2587 1038/2593
f 1042/2586 1041/2585 1036/2591
f 1036/2591 1039/2592 1042/2586
f 1034/2578 1035/2579 1036/2580
f 1036/2580 1037/2581 1034/2578
f 1037/2581 1036/2580 1038/2582
f 1035/2579 1039/2583 1036/2580
f 1059/2620 1057/2618 1055/2616
f 1055/2616 1058/2619 1059/2620
f 1059/2633 1058/2637 1048/2636
f 1048/2636 1047/2634 1059/2633
f 1051/2623 1049/2621 1054/2615
f 1054/2615 1053/2614 1051/2623
f 1055/2616 1054/2615 1056/2617
f 1056/2617 1058/2619 1055/2616
f 1050/2630 1051/2631 1053/2628
f 1053/2628 1057/2629 1050/2630
f 1047/2634 1050/2635 1057/2632
f 1057/2632 1059/2633 1047/2634
f 1058/2624 1056/2625 1052/2626
f 1052/2626 1048/2627 1058/2624
f 1055/2616 1057/2618 1053/2614
f 1053/2614 1054/2615 1055/2616
f 1056/2617 1054/2615 1049/2621
f 1049/2621 1052/2622 1056/2617
f 1047/2608 1048/2609 1049/2610
f 1049/2610 1050/2611 1047/2608
f 1050/2611 1049/2610 1051/2612
f 1048/2609 1052/2613 1049/2610
f 1066/2644 1071/2649 1069/2647
f 1069/2647 1067/2645 1066/2644
f 1072/2663 1070/2667 1061/2666
f 1061/2666 1060/2664 1072/2663
f 1072/2650 1071/2649 1066/2644
f 1066/2644 1070/2648 1072/2650
f 1064/2656 1065/2657 1069/2654
f 1069/2654 1071/2655 1064/2656
f 1070/2660 1068/2661 1062/2658
f 1062/2658 1061/2659 1070/2660
f 1060/2664 1064/2665 1071/2662
f 1071/2662 1072/2663 1060/2664
f 1066/2644 1067/2645 1068/2646
f 1068/2646 1070/2648 1066/2644
f 1065/2653 1063/2651 1067/2645
f 1067/2645 1069/2647 1065/2653
f 1068/2646 1067/2645 1063/2651
f 1063/2651 1062/2652 1068/2646
f 1060/2638 1062/2640 1063/2641
f 1063/2641 1064/2642 1060/2638
f 1064/2642 1063/2641 1065/2643
f 1060/2638 1061/2639 1062/2640
f 1082/2699 1080/2697 1075/2696
f 1075/2696 1074/2700 1082/2699
f 1085/2690 1084/2694 1078/2693
f 1078/2693 1073/2691 1085/2690
f 1081/2676 1080/2675 1082/2677
f 1082/2677 1084/2679 1081/2676
f 1077/2695 1075/2696 1080/2697
f 1080/2697 1079/2698 1077/2695
f 1073/2691 1076/2692 1083/2689
f 1083/2689 1085/2690 1073/2691
f 1076/2685 1077/2686 1079/2687
f 1079/2687 1083/2688 1076/2685
f 1084/2683 1082/2684 1074/2681
f 1074/2681 1078/2682 1084/2683
f 1085/2680 1083/2678 1081/2676
f 1081/2676 1084/2679 1085/2680
f 1081/2676 1083/2678 1079/2674
f 1079/2674 1080/2675 1081/2676
f 1073/2668 1074/2669 1075/2670
f 1075/2670 1076/2671 1073/2668
f 1073/2668 1078/2673 1074/2669
f 1076/2671 1075/2670 1077/2672
f 1098/2713 1097/2712 1094/2709
f 1094/2709 1096/2711 1098/2713
f 1094/2709 1093/2708 1095/2710
f 1095/2710 1096/2711 1094/2709
f 1096/2714 1095/2715 1091/2716
f 1091/2716 1087/2717 1096/2714
f 1086/2729 1089/2733 1097/2732
f 1097/2732 1098/2730 1086/2729
f 1090/2722 1088/2723 1093/2724
f 1093/2724 1092/2725 1090/2722
f 1089/2720 1090/2721 1092/2718
f 1092/2718 1097/2719 1089/2720
f 1094/2709 1097/2712 1092/2707
f 1092/2707 1093/2708 1094/2709
f 1098/2730 1096/2731 1087/2728
f 1087/2728 1086/2729 1098/2730
f 1095/2726 1093/2724 1088/2723
f 1088/2723 1091/2727 1095/2726
f 1086/2701 1087/2702 1088/2703
f 1088/2703 1089/2704 1086/2701
f 1087/2702 1091/2706 1088/2703
f 1089/2704 1088/2703 1090/2705
f 1099/2752 1101/2753 1105/2750
f 1105/2750 1110/2751 1099/2752
f 1109/2754 1108/2755 1104/2756
f 1104/2756 1103/2757 1109/2754
f 1102/2759 1099/2763 1110/2762
f 1110/2762 1111/2760 1102/2759
f 1108/2743 1106/2741 1100/2747
f 1100/2747 1104/2748 1108/2743
f 1107/2742 1106/2741 1108/2743
f 1108/2743 1109/2744 1107/2742
f 1111/2746 1110/2745 1107/2742
f 1107/2742 1109/2744 1111/2746
f 1107/2742 1110/2745 1105/2740
f 1105/2740 1106/2741 1107/2742
f 1101/2749 1100/2747 1106/2741
f 1106/2741 1105/2740 1101/2749
f 1111/2760 1109/2761 1103/2758
f 1103/2758 1102/2759 1111/2760
f 1102/2737 1103/2738 1100/2735
f 1100/2735 1099/2734 1102/2737
f 1099/2734 1100/2735 1101/2736
f 1103/2738 1104/2739 1100/2735
f 1114/2789 1113/2793 1123/2792
f 1123/2792 1124/2790 1114/2789
f 1124/2790 1122/2791 1116/2788
f 1116/2788 1114/2789 1124/2790
f 1113/2780 1117/2781 1121/2782
f 1121/2782 1123/2783 1113/2780
f 1117/2779 1112/2777 1119/2771
f 1119/2771 1121/2773 1117/2779
f 1124/2776 1123/2775 1118/2770
f 1118/2770 1122/2774 1124/2776
f 1118/2770 1119/2771 1120/2772
f 1120/2772 1122/2774 1118/2770
f 1118/2770 1123/2775 1121/2773
f 1121/2773 1119/2771 1118/2770
f 1120/2772 1119/2771 1112/2777
f 1112/2777 1115/2778 1120/2772
f 1122/2784 1120/2785 1115/2786
f 1115/2786 1116/2787 1122/2784
f 1114/2766 1115/2767 1112/2764
f 1112/2764 1113/2765 1114/2766
f 1114/2766 1116/2768 1115/2767
f 1113/2765 1112/2764 1117/2769
f 1136/2809 1134/2810 1127/2807
f 1127/2807 1126/2808 1136/2809
f 1125/2817 1129/2818 1135/2815
f 1135/2815 1137/2816 1125/2817
f 1133/2802 1132/2801 1134/2803
f 1134/2803 1136/2805 1133/2802
f 1137/2816 1136/2820 1126/2819
f 1126/2819 1125/2817 1137/2816
f 1130/2821 1128/2822 1132/2823
f 1132/2823 1131/2824 1130/2821
f 1129/2811 1130/2812 1131/2813
f 1131/2813 1135/2814 1129/2811
f 1137/2806 1135/2804 1133/2802
f 1133/2802 1136/2805 1137/2806
f 1133/2802 1135/2804 1131/2800
f 1131/2800 1132/2801 1133/2802
f 1134/2825 1132/2823 1128/2822
f 1128/2822 1127/2826 1134/2825
f 1125/2794 1127/2796 1128/2797
f 1128/2797 1129/2798 1125/2794
f 1125/2794 1126/2795 1127/2796
f 1129/2798 1128/2797 1130/2799
f 1138/2842 1140/2843 1144/2840
f 1144/2840 1148/2841 1138/2842
f 1150/2849 1149/2853 1143/2852
f 1143/2852 1141/2850 1150/2849
f 1141/2850 1138/2851 1148/2848
f 1148/2848 1150/2849 1141/2850
f 1140/2854 1139/2855 1145/2856
f 1145/2856 1144/2857 1140/2854
f 1146/2835 1145/2834 1147/2836
f 1147/2836 1149/2838 1146/2835
f 1150/2839 1148/2837 1146/2835
f 1146/2835 1149/2838 1150/2839
f 1149/2844 1147/2845 1142/2846
f 1142/2846 1143/2847 1149/2844
f 1146/2835 1148/2837 1144/2833
f 1144/2833 1145/2834 1146/2835
f 1147/2858 1145/2856 1139/2855
f 1139/2855 1142/2859 1147/2858
f 1141/2830 1142/2831 1139/2828
f 1139/2828 1138/2827 1141/2830
f 1138/2827 1139/2828 1140/2829
f 1141/2830 1143/2832 1142/2831
f 1159/2868 1158/2867 1160/2869
f 1160/2869 1162/2871 1159/2868
f 1163/2886 1162/2887 1156/2884
f 1156/2884 1154/2885 1163/2886
f 1162/2878 1160/2879 1155/2876
f 1155/2876 1156/2877 1162/2878
f 1153/2875 1152/2873 1158/2867
f 1158/2867 1157/2866 1153/2875
f 1163/2872 1161/2870 1159/2868
f 1159/2868 1162/2871 1163/2872
f 1154/2885 1151/2889 1161/2888
f 1161/2888 1163/2886 1154/2885
f 1159/2868 1161/2870 1157/2866
f 1157/2866 1158/2867 1159/2868
f 1151/2880 1153/2881 1157/2882
f 1157/2882 1161/2883 1151/2880
f 1160/2869 1158/2867 1152/2873
f 1152/2873 1155/2874 1160/2869
f 1154/2863 1155/2864 1152/2861
f 1152/2861 1151/2860 1154/2863
f 1154/2863 1156/2865 1155/2864
f 1151/2860 1152/2861 1153/2862
f 1176/2916 1174/2917 1165/2914
f 1165/2914 1164/2915 1176/2916
f 1169/2905 1167/2903 1171/2897
f 1171/2897 1173/2899 1169/2905
f 1174/2906 1172/2907 1166/2908
f 1166/2908 1165/2909 1174/2906
f 1168/2910 1169/2911 1173/2912
f 1173/2912 1175/2913 1168/2910
f 1164/2915 1168/2919 1175/2918
f 1175/2918 1176/2916 1164/2915
f 1170/2896 1171/2897 1172/2898
f 1172/2898 1174/2900 1170/2896
f 1176/2902 1175/2901 1170/2896
f 1170/2896 1174/2900 1176/2902
f 1170/2896 1175/2901 1173/2899
f 1173/2899 1171/2897 1170/2896
f 1172/2898 1171/2897 1167/2903
f 1167/2903 1166/2904 1172/2898
f 1164/2890 1166/2892 1167/2893
f 1167/2893 1168/2894 1164/2890
f 1164/2890 1165/2891 1166/2892
f 1168/2894 1167/2893 1169/2895
f 1186/2945 1184/2943 1179/2942
f 1179/2942 1178/2946 1186/2945
f 1181/2939 1182/2940 1183/2937
f 1183/2937 1187/2938 1181/2939
f 1189/2948 1188/2952 1177/2951
f 1177/2951 1180/2949 1189/2948
f 1185/2928 1184/2927 1186/2929
f 1186/2929 1188/2931 1185/2928
f 1189/2932 1187/2930 1185/2928
f 1185/2928 1188/2931 1189/2932
f 1180/2949 1181/2950 1187/2947
f 1187/2947 1189/2948 1180/2949
f 1188/2933 1186/2934 1178/2935
f 1178/2935 1177/2936 1188/2933
f 1182/2941 1179/2942 1184/2943
f 1184/2943 1183/2944 1182/2941
f 1185/2928 1187/2930 1183/2926
f 1183/2926 1184/2927 1185/2928
f 1180/2923 1177/2920 1179/2922
f 1179/2922 1181/2924 1180/2923
f 1177/2920 1178/2921 1179/2922
f 1181/2924 1179/2922 1182/2925
f 1198/2961 1197/2960 1199/2962
f 1199/2962 1201/2964 1198/2961
f 1190/2975 1192/2976 1196/2973
f 1196/2973 1200/2974 1190/2975
f 1201/2969 1199/2970 1195/2971
f 1195/2971 1194/2972 1201/2969
f 1199/2962 1197/2960 1191/2966
f 1191/2966 1195/2967 1199/2962
f 1193/2979 1190/2980 1200/2977
f 1200/2977 1202/2978 1193/2979
f 1202/2978 1201/2982 1194/2981
f 1194/2981 1193/2979 1202/2978
f 1192/2968 1191/2966 1197/2960
f 1197/2960 1196/2959 1192/2968
f 1198/2961 1200/2963 1196/2959
f 1196/2959 1197/2960 1198/2961
f 1202/2965 1200/2963 1198/2961
f 1198/2961 1201/2964 1202/2965
f 1193/2956 1194/2957 1191/2954
f 1191/2954 1190/2953 1193/2956
f 1190/2953 1191/2954 1192/2955
f 1194/2957 1195/2958 1191/2954
f 1212/2992 1210/2990 1205/2996
f 1205/2996 1204/2997 1212/2992
f 1207/2998 1205/2996 1210/2990
f 1210/2990 1209/2989 1207/2998
f 1211/2991 1210/2990 1212/2992
f 1212/2992 1214/2994 1211/2991
f 1215/3008 1214/3012 1208/3011
f 1208/3011 1203/3009 1215/3008
f 1215/2995 1213/2993 1211/2991
f 1211/2991 1214/2994 1215/2995
f 1214/3001 1212/3002 1204/2999
f 1204/2999 1208/3000 1214/3001
f 1203/3009 1206/3010 1213/3007
f 1213/3007 1215/3008 1203/3009
f 1211/2991 1213/2993 1209/2989
f 1209/2989 1210/2990 1211/2991
f 1206/3003 1207/3004 1209/3005
f 1209/3005 1213/3006 1206/3003
f 1203/2983 1204/2984 1205/2985
f 1205/2985 1206/2986 1203/2983
f 1203/2983 1208/2988 1204/2984
f 1206/2986 1205/2985 1207/2987
f 1216/3028 1218/3029 1222/3026
f 1222/3026 1227/3027 1216/3028
f 1228/3025 1227/3024 1224/3021
f 1224/3021 1226/3023 1228/3025
f 1226/3030 1225/3031 1220/3032
f 1220/3032 1221/3033 1226/3030
f 1218/3040 1217/3041 1223/3042
f 1223/3042 1222/3043 1218/3040
f 1219/3035 1216/3039 1227/3038
f 1227/3038 1228/3036 1219/3035
f 1224/3021 1227/3024 1222/3019
f 1222/3019 1223/3020 1224/3021
f 1225/3044 1223/3042 1217/3041
f 1217/3041 1220/3045 1225/3044
f 1228/3036 1226/3037 1221/3034
f 1221/3034 1219/3035 1228/3036
f 1224/3021 1223/3020 1225/3022
f 1225/3022 1226/3023 1224/3021
f 1219/3016 1220/3017 1217/3014
f 1217/3014 1216/3013 1219/3016
f 1219/3016 1221/3018 1220/3017
f 1216/3013 1217/3014 1218/3015
f 1237/3054 1236/3053 1231/3059
f 1231/3059 1230/3060 1237/3054
f 1241/3058 1240/3057 1235/3052
f 1235/3052 1239/3056 1241/3058
f 1235/3052 1240/3057 1238/3055
f 1238/3055 1236/3053 1235/3052
f 1229/3071 1232/3075 1240/3074
f 1240/3074 1241/3072 1229/3071
f 1239/3064 1237/3065 1230/3062
f 1230/3062 1234/3063 1239/3064
f 1235/3052 1236/3053 1237/3054
f 1237/3054 1239/3056 1235/3052
f 1241/3072 1239/3073 1234/3070
f 1234/3070 1229/3071 1241/3072
f 1233/3061 1231/3059 1236/3053
f 1236/3053 1238/3055 1233/3061
f 1232/3066 1233/3067 1238/3068
f 1238/3068 1240/3069 1232/3066
f 1229/3046 1230/3047 1231/3048
f 1231/3048 1232/3049 1229/3046
f 1229/3046 1234/3051 1230/3047
f 1232/3049 1231/3048 1233/3050
f 1253/3092 1251/3093 1243/3094
f 1243/3094 1242/3095 1253/3092
f 1246/3098 1247/3099 1248/3096
f 1248/3096 1252/3097 1246/3098
f 1254/3101 1253/3105 1242/3104
f 1242/3104 1245/3102 1254/3101
f 1251/3085 1249/3083 1244/3089
f 1244/3089 1243/3090 1251/3085
f 1254/3088 1252/3086 1250/3084
f 1250/3084 1253/3087 1254/3088
f 1245/3102 1246/3103 1252/3100
f 1252/3100 1254/3101 1245/3102
f 1250/3084 1252/3086 1248/3082
f 1248/3082 1249/3083 1250/3084
f 1247/3091 1244/3089 1249/3083
f 1249/3083 1248/3082 1247/3091
f 1250/3084 1249/3083 1251/3085
f 1251/3085 1253/3087 1250/3084
f 1245/3079 1242/3076 1244/3078
f 1244/3078 1246/3080 1245/3079
f 1242/3076 1243/3077 1244/3078
f 1246/3080 1244/3078 1247/3081
f 1261/3112 1262/3113 1263/3114
f 1263/3114 1265/3116 1261/3112
f 1257/3121 1256/3119 1262/3113
f 1262/3113 1264/3115 1257/3121
f 1263/3114 1262/3113 1256/3119
f 1256/3119 1260/3120 1263/3114
f 1255/3126 1257/3127 1264/3128
f 1264/3128 1266/3129 1255/3126
f 1265/3124 1263/3125 1260/3122
f 1260/3122 1259/3123 1265/3124
f 1258/3131 1255/3135 1266/3134
f 1266/3134 1267/3132 1258/3131
f 1267/3118 1266/3117 1261/3112
f 1261/3112 1265/3116 1267/3118
f 1261/3112 1266/3117 1264/3115
f 1264/3115 1262/3113 1261/3112
f 1267/3132 1265/3133 1259/3130
f 1259/3130 1258/3131 1267/3132
f 1258/3109 1259/3110 1256/3107
f 1256/3107 1255/3106 1258/3109
f 1259/3110 1260/3111 1256/3107
f 1255/3106 1256/3107 1257/3108
f 1270/3164 1269/3168 1278/3167
f 1278/3167 1280/3165 1270/3164
f 1269/3151 1273/3152 1274/3149
f 1274/3149 1278/3150 1269/3151
f 1280/3148 1278/3146 1276/3144
f 1276/3144 1279/3147 1280/3148
f 1277/3161 1275/3159 1268/3158
f 1268/3158 1272/3162 1277/3161
f 1276/3144 1275/3143 1277/3145
f 1277/3145 1279/3147 1276/3144
f 1280/3165 1279/3166 1271/3163
f 1271/3163 1270/3164 1280/3165
f 1273/3157 1268/3158 1275/3159
f 1275/3159 1274/3160 1273/3157
f 1279/3153 1277/3154 1272/3155
f 1272/3155 1271/3156 1279/3153
f 1276/3144 1278/3146 1274/3142
f 1274/3142 1275/3143 1276/3144
f 1270/3138 1271/3139 1268/3136
f 1268/3136 1269/3137 1270/3138
f 1271/3139 1272/3140 1268/3136
f 1269/3137 1268/3136 1273/3141
f 1283/3184 1282/3182 1288/3176
f 1288/3176 1290/3178 1283/3184
f 1292/3189 1289/3190 1286/3191
f 1286/3191 1285/3192 1292/3189
f 1284/3194 1281/3198 1291/3197
f 1291/3197 1293/3195 1284/3194
f 1281/3187 1283/3188 1290/3185
f 1290/3185 1291/3186 1281/3187
f 1287/3175 1291/3179 1290/3178
f 1290/3178 1288/3176 1287/3175
f 1287/3175 1288/3176 1289/3177
f 1289/3177 1292/3180 1287/3175
f 1293/3181 1291/3179 1287/3175
f 1287/3175 1292/3180 1293/3181
f 1293/3195 1292/3196 1285/3193
f 1285/3193 1284/3194 1293/3195
f 1289/3177 1288/3176 1282/3182
f 1282/3182 1286/3183 1289/3177
f 1284/3172 1285/3173 1282/3170
f 1282/3170 1281/3169 1284/3172
f 1281/3169 1282/3170 1283/3171
f 1285/3173 1286/3174 1282/3170
f 1305/3215 1303/3216 1295/3217
f 1295/3217 1294/3218 1305/3215
f 1302/3207 1301/3206 1303/3208
f 1303/3208 1305/3210 1302/3207
f 1306/3225 1305/3226 1294/3223
f 1294/3223 1297/3224 1306/3225
f 1303/3208 1301/3206 1296/3212
f 1296/3212 1295/3213 1303/3208
f 1297/3224 1298/3228 1304/3227
f 1304/3227 1306/3225 1297/3224
f 1299/3214 1296/3212 1301/3206
f 1301/3206 1300/3205 1299/3214
f 1298/3221 1299/3222 1300/3219
f 1300/3219 1304/3220 1298/3221
f 1302/3207 1304/3209 1300/3205
f 1300/3205 1301/3206 1302/3207
f 1306/3211 1304/3209 1302/3207
f 1302/3207 1305/3210 1306/3211
f 1297/3202 1294/3199 1296/3201
f 1296/3201 1298/3203 1297/3202
f 1294/3199 1295/3200 1296/3201
f 1298/3203 1296/3201 1299/3204
f 1309/3244 1308/3242 1314/3236
f 1314/3236 1316/3238 1309/3244
f 1319/3254 1318/3258 1312/3257
f 1312/3257 1310/3255 1319/3254
f 1310/3255 1307/3256 1317/3253
f 1317/3253 1319/3254 1310/3255
f 1313/3235 1314/3236 1315/3237
f 1315/3237 1318/3240 1313/3235
f 1315/3237 1314/3236 1308/3242
f 1308/3242 1311/3243 1315/3237
f 1307/3247 1309/3248 1316/3245
f 1316/3245 1317/3246 1307/3247
f 1313/3235 1317/3239 1316/3238
f 1316/3238 1314/3236 1313/3235
f 1319/3241 1317/3239 1313/3235
f 1313/3235 1318/3240 1319/3241
f 1318/3249 1315/3250 1311/3251
f 1311/3251 1312/3252 1318/3249
f 1310/3232 1311/3233 1308/3230
f 1308/3230 1307/3229 1310/3232
f 1307/3229 1308/3230 1309/3231
f 1310/3232 1312/3234 1311/3233
f 1320/3274 1322/3275 1326/3272
f 1326/3272 1330/3273 1320/3274
f 1332/3282 1331/3283 1325/3280
f 1325/3280 1323/3281 1332/3282
f 1332/3271 1330/3269 1328/3267
f 1328/3267 1331/3270 1332/3271
f 1322/3286 1321/3287 1327/3288
f 1327/3288 1326/3289 1322/3286
f 1331/3276 1329/3277 1324/3278
f 1324/3278 1325/3279 1331/3276
f 1328/3267 1330/3269 1326/3265
f 1326/3265 1327/3266 1328/3267
f 1323/3281 1320/3285 1330/3284
f 1330/3284 1332/3282 1323/3281
f 1328/3267 1327/3266 1329/3268
f 1329/3268 1331/3270 1328/3267
f 1329/3290 1327/3288 1321/3287
f 1321/3287 1324/3291 1329/3290
f 1323/3262 1324/3263 1321/3260
f 1321/3260 1320/3259 1323/3262
f 1320/3259 1321/3260 1322/3261
f 1323/3262 1325/3264 1324/3263
f 1343/3307 1341/3308 1335/3305
f 1335/3305 1334/3306 1343/3307
f 1339/3298 1340/3299 1341/3300
f 1341/3300 1343/3302 1339/3298
f 1341/3323 1340/3321 1336/3320
f 1336/3320 1335/3324 1341/3323
f 1338/3319 1336/3320 1340/3321
f 1340/3321 1342/3322 1338/3319
f 1339/3298 1344/3303 1342/3301
f 1342/3301 1340/3299 1339/3298
f 1333/3314 1337/3318 1344/3317
f 1344/3317 1345/3315 1333/3314
f 1345/3304 1344/3303 1339/3298
f 1339/3298 1343/3302 1345/3304
f 1337/3309 1338/3310 1342/3311
f 1342/3311 1344/3312 1337/3309
f 1345/3315 1343/3316 1334/3313
f 1334/3313 1333/3314 1345/3315
f 1333/3292 1335/3294 1336/3295
f 1336/3295 1337/3296 1333/3292
f 1337/3296 1336/3295 1338/3297
f 1333/3292 1334/3293 1335/3294
f 1357/3338 1355/3339 1347/3340
f 1347/3340 1346/3341 1357/3338
f 1354/3333 1353/3332 1355/3334
f 1355/3334 1357/3336 1354/3333
f 1350/3344 1351/3345 1352/3342
f 1352/3342 1356/3343 1350/3344
f 1349/3354 1350/3355 1356/3352
f 1356/3352 1358/3353 1349/3354
f 1351/3346 1348/3347 1353/3348
f 1353/3348 1352/3349 1351/3346
f 1358/3353 1357/3357 1346/3356
f 1346/3356 1349/3354 1358/3353
f 1355/3350 1353/3348 1348/3347
f 1348/3347 1347/3351 1355/3350
f 1358/3337 1356/3335 1354/3333
f 1354/3333 1357/3336 1358/3337
f 1354/3333 1356/3335 1352/3331
f 1352/3331 1353/3332 1354/3333
f 1349/3328 1346/3325 1348/3327
f 1348/3327 1350/3329 1349/3328
f 1350/3329 1348/3327 1351/3330
f 1346/3325 1347/3326 1348/3327
f 1371/3384 1369/3385 1360/3382
f 1360/3382 1359/3383 1371/3384
f 1359/3383 1362/3387 1370/3386
f 1370/3386 1371/3384 1359/3383
f 1367/3366 1366/3365 1361/3371
f 1361/3371 1364/3372 1367/3366
f 1371/3370 1370/3369 1365/3364
f 1365/3364 1369/3368 1371/3370
f 1365/3364 1366/3365 1367/3366
f 1367/3366 1369/3368 1365/3364
f 1362/3380 1363/3381 1368/3378
f 1368/3378 1370/3379 1362/3380
f 1363/3373 1361/3371 1366/3365
f 1366/3365 1368/3367 1363/3373
f 1369/3374 1367/3375 1364/3376
f 1364/3376 1360/3377 1369/3374
f 1365/3364 1370/3369 1368/3367
f 1368/3367 1366/3365 1365/3364
f 1359/3358 1360/3359 1361/3360
f 1361/3360 1362/3361 1359/3358
f 1362/3361 1361/3360 1363/3362
f 1360/3359 1364/3363 1361/3360
f 1380/3396 1382/3398 1378/3394
f 1378/3394 1379/3395 1380/3396
f 1380/3396 1379/3395 1381/3397
f 1381/3397 1383/3399 1380/3396
f 1375/3403 1376/3404 1378/3401
f 1378/3401 1382/3402 1375/3403
f 1384/3400 1382/3398 1380/3396
f 1380/3396 1383/3399 1384/3400
f 1376/3409 1374/3410 1379/3411
f 1379/3411 1378/3412 1376/3409
f 1384/3416 1383/3420 1373/3419
f 1373/3419 1372/3417 1384/3416
f 1372/3417 1375/3418 1382/3415
f 1382/3415 1384/3416 1372/3417
f 1383/3405 1381/3406 1377/3407
f 1377/3407 1373/3408 1383/3405
f 1381/3413 1379/3411 1374/3410
f 1374/3410 1377/3414 1381/3413
f 1372/3388 1373/3389 1374/3390
f 1374/3390 1375/3391 1372/3388
f 1375/3391 1374/3390 1376/3392
f 1373/3389 1377/3393 1374/3390
f 1387/3436 1386/3434 1392/3428
f 1392/3428 1394/3430 1387/3436
f 1388/3447 1385/3448 1396/3445
f 1396/3445 1397/3446 1388/3447
f 1397/3446 1395/3450 1390/3449
f 1390/3449 1388/3447 1397/3446
f 1397/3433 1396/3432 1391/3427
f 1391/3427 1395/3431 1397/3433
f 1393/3429 1392/3428 1386/3434
f 1386/3434 1389/3435 1393/3429
f 1395/3441 1393/3442 1389/3443
f 1389/3443 1390/3444 1395/3441
f 1391/3427 1396/3432 1394/3430
f 1394/3430 1392/3428 1391/3427
f 1385/3439 1387/3440 1394/3437
f 1394/3437 1396/3438 1385/3439
f 1391/3427 1392/3428 1393/3429
f 1393/3429 1395/3431 1391/3427
f 1388/3424 1389/3425 1386/3422
f 1386/3422 1385/3421 1388/3424
f 1385/3421 1386/3422 1387/3423
f 1388/3424 1390/3426 1389/3425
f 1410/3463 1408/3461 1404/3457
f 1404/3457 1409/3462 1410/3463
f 1398/3474 1402/3475 1408/3472
f 1408/3472 1410/3473 1398/3474
f 1406/3482 1405/3480 1401/3479
f 1401/3479 1400/3483 1406/3482
f 1403/3478 1401/3479 1405/3480
f 1405/3480 1407/3481 1403/3478
f 1404/3457 1405/3458 1406/3459
f 1406/3459 1409/3462 1404/3457
f 1402/3468 1403/3469 1407/3470
f 1407/3470 1408/3471 1402/3468
f 1410/3473 1409/3477 1399/3476
f 1399/3476 1398/3474 1410/3473
f 1404/3457 1408/3461 1407/3460
f 1407/3460 1405/3458 1404/3457
f 1409/3464 1406/3465 1400/3466
f 1400/3466 1399/3467 1409/3464
f 1398/3451 1400/3453 1401/3454
f 1401/3454 1402/3455 1398/3451
f 1398/3451 1399/3452 1400/3453
f 1402/3455 1401/3454 1403/3456
f 1417/3490 1422/3495 1420/3493
f 1420/3493 1418/3491 1417/3490
f 1414/3497 1415/3498 1420/3499
f 1420/3499 1422/3500 1414/3497
f 1421/3503 1419/3504 1416/3501
f 1416/3501 1412/3502 1421/3503
f 1415/3505 1413/3506 1418/3507
f 1418/3507 1420/3508 1415/3505
f 1423/3496 1422/3495 1417/3490
f 1417/3490 1421/3494 1423/3496
f 1411/3513 1414/3514 1422/3511
f 1422/3511 1423/3512 1411/3513
f 1423/3512 1421/3516 1412/3515
f 1412/3515 1411/3513 1423/3512
f 1419/3509 1418/3507 1413/3506
f 1413/3506 1416/3510 1419/3509
f 1417/3490 1418/3491 1419/3492
f 1419/3492 1421/3494 1417/3490
f 1411/3484 1412/3485 1413/3486
f 1413/3486 1414/3487 1411/3484
f 1414/3487 1413/3486 1415/3488
f 1412/3485 1416/3489 1413/3486
f 1426/3542 1425/3546 1435/3545
f 1435/3545 1436/3543 1426/3542
f 1436/3543 1434/3544 1427/3541
f 1427/3541 1426/3542 1436/3543
f 1434/3537 1432/3538 1428/3539
f 1428/3539 1427/3540 1434/3537
f 1429/3532 1424/3530 1431/3524
f 1431/3524 1433/3526 1429/3532
f 1430/3523 1435/3528 1433/3526
f 1433/3526 1431/3524 1430/3523
f 1432/3525 1431/3524 1424/3530
f 1424/3530 1428/3531 1432/3525
f 1430/3523 1431/3524 1432/3525
f 1432/3525 1434/3527 1430/3523
f 1436/3529 1435/3528 1430/3523
f 1430/3523 1434/3527 1436/3529
f 1425/3535 1429/3536 1433/3533
f 1433/3533 1435/3534 1425/3535
f 1426/3519 1427/3520 1424/3517
f 1424/3517 1425/3518 1426/3519
f 1427/3520 1428/3521 1424/3517
f 1425/3518 1424/3517 1429/3522
f 1439/3562 1438/3560 1444/3554
f 1444/3554 1446/3556 1439/3562
f 1445/3555 1444/3554 1438/3560
f 1438/3560 1442/3561 1445/3555
f 1449/3559 1447/3557 1443/3553
f 1443/3553 1448/3558 1449/3559
f 1448/3569 1445/3570 1442/3567
f 1442/3567 1441/3568 1448/3569
f 1449/3572 1448/3576 1441/3575
f 1441/3575 1440/3573 1449/3572
f 1443/3553 1444/3554 1445/3555
f 1445/3555 1448/3558 1443/3553
f 1437/3563 1439/3564 1446/3565
f 1446/3565 1447/3566 1437/3563
f 1443/3553 1447/3557 1446/3556
f 1446/3556 1444/3554 1443/3553
f 1440/3573 1437/3574 1447/3571
f 1447/3571 1449/3572 1440/3573
f 1440/3550 1441/3551 1438/3548
f 1438/3548 1437/3547 1440/3550
f 1441/3551 1442/3552 1438/3548
f 1437/3547 1438/3548 1439/3549
f 1460/3593 1458/3594 1451/3595
f 1451/3595 1450/3596 1460/3593
f 1454/3599 1455/3600 1459/3597
f 1459/3597 1461/3598 1454/3599
f 1458/3585 1457/3584 1452/3590
f 1452/3590 1451/3591 1458/3585
f 1456/3583 1461/3588 1459/3586
f 1459/3586 1457/3584 1456/3583
f 1456/3583 1457/3584 1458/3585
f 1458/3585 1460/3587 1456/3583
f 1462/3603 1460/3604 1450/3601
f 1450/3601 1453/3602 1462/3603
f 1453/3602 1454/3606 1461/3605
f 1461/3605 1462/3603 1453/3602
f 1455/3592 1452/3590 1457/3584
f 1457/3584 1459/3586 1455/3592
f 1462/3589 1461/3588 1456/3583
f 1456/3583 1460/3587 1462/3589
f 1453/3580 1450/3577 1452/3579
f 1452/3579 1454/3581 1453/3580
f 1454/3581 1452/3579 1455/3582
f 1450/3577 1451/3578 1452/3579
f 1471/3615 1470/3614 1472/3616
f 1472/3616 1474/3618 1471/3615
f 1475/3619 1473/3617 1471/3615
f 1471/3615 1474/3618 1475/3619
f 1463/3624 1465/3625 1469/3626
f 1469/3626 1473/3627 1463/3624
f 1475/3629 1474/3633 1468/3632
f 1468/3632 1466/3630 1475/3629
f 1471/3615 1473/3617 1469/3613
f 1469/3613 1470/3614 1471/3615
f 1474/3622 1472/3623 1467/3620
f 1467/3620 1468/3621 1474/3622
f 1466/3630 1463/3631 1473/3628
f 1473/3628 1475/3629 1466/3630
f 1465/3634 1464/3635 1470/3636
f 1470/3636 1469/3637 1465/3634
f 1472/3638 1470/3636 1464/3635
f 1464/3635 1467/3639 1472/3638
f 1466/3610 1467/3611 1464/3608
f 1464/3608 1463/3607 1466/3610
f 1466/3610 1468/3612 1467/3611
f 1463/3607 1464/3608 1465/3609
f 1478/3666 1477/3667 1487/3664
f 1487/3664 1488/3665 1478/3666
f 1488/3665 1486/3669 1479/3668
f 1479/3668 1478/3666 1488/3665
f 1488/3652 1487/3651 1482/3646
f 1482/3646 1486/3650 1488/3652
f 1477/3656 1481/3657 1485/3658
f 1485/3658 1487/3659 1477/3656
f 1482/3646 1483/3647 1484/3648
f 1484/3648 1486/3650 1482/3646
f 1486/3660 1484/3661 1480/3662
f 1480/3662 1479/3663 1486/3660
f 1481/3655 1476/3653 1483/3647
f 1483/3647 1485/3649 1481/3655
f 1484/3648 1483/3647 1476/3653
f 1476/3653 1480/3654 1484/3648
f 1482/3646 1487/3651 1485/3649
f 1485/3649 1483/3647 1482/3646
f 1478/3642 1479/3643 1476/3640
f 1476/3640 1477/3641 1478/3642
f 1477/3641 1476/3640 1481/3645
f 1479/3643 1480/3644 1476/3640
